Приоритет,Сайт?,Регион,Город,Тип,Название,Юр. лицо,WhatsApp,Мобильный,Ссылка wa.me,Все телефоны,Сайт,Telegram,Адрес,Рейтинг,Отзывов,Возраст(лет),Рубрики
A,🟢 нет,Волгоградская область,Михайловка,подрядчик,Metal_stroi34,,+79275032921,+79951411000,https://wa.me/79275032921,+7‒995‒141‒10‒00,,,"улица Александра Невского, 14а",5,2,4,"Кровельные работы, Фасадные материалы и конструкции, Строительство дач и коттеджей"
A,🟢 нет,Волгоградская область,Волгоград,подрядчик,РеалКлимат,,+79173385855,+79173385855,https://wa.me/79173385855,+7‒917‒338‒58‒55,,,"Пражская улица, 16а",5,1,2,"Кровельные работы, Высотные работы, Кондиционеры"
A,🟢 нет,Волгоградская область,Волгоград,подрядчик,Глория,ООО Глория,+79053386282,+79053386282,https://wa.me/79053386282,+7‒905‒338‒62‒82,,,,,0,,"Кровельные работы, Строительство дач и коттеджей, Фасадные работы"
A,🟢 нет,Волгоградская область,Волгоград,подрядчик,Новая Линия-Волгоград,ООО Новая Линия-Волгоград,+79608824105,+79608824105,https://wa.me/79608824105,+7‒960‒882‒41‒05 / +7‒902‒361‒05‒93 / +7 (8442) 47‒19‒28,,,"улица Островского, 5",,0,,"Кровельные работы, Ремонт помещений, Электромонтажные работы, Монтаж сантехнического оборудования, Фасадные работы"
A,🟢 нет,Волгоградская область,Волгоград,подрядчик,Апофеоз,,+79377361313,+79377361313,https://wa.me/79377361313,+7‒937‒736‒13‒13,,,"набережная 62 Армии, 6",,0,,"Кровельные работы, Фасадные работы, Ремонт зданий"
A,🟢 нет,Волгоградская область,Волгоград,подрядчик,Инпрострой,,+79616647441,+79270615751,https://wa.me/79616647441,+7‒927‒061‒57‒51 / +7‒937‒562‒90‒34 / +7‒961‒664‒74‒41,,,"проспект им. В.И. Ленина, 65к",,0,,"Кровельные работы, Ремонт зданий"
A,🟢 нет,Волгоградская область,Волгоград,подрядчик,Строительная бригада,,+79033763370,+79033763370,https://wa.me/79033763370,+7‒903‒376‒33‒70 / +7‒904‒413‒46‒80,,,,,0,,"Кровельные работы, Ремонт помещений, Монтаж сантехнического оборудования, Электромонтажные работы, Заборы и ограждения"
A,🟢 нет,Волгоградская область,Краснослободск,подрядчик,Компания по металлообработке,,+79195453663,+79195453663,https://wa.me/79195453663,+7‒919‒545‒36‒63,,https://t.me/+79195453663,"улица Ленина, 183Б",,0,,"Кровельные работы, Металлообработка, Кровельные материалы, Изготовление табличек, Фасадные работы"
A,🟢 нет,Волгоградская область,Волгоград,подрядчик,Строительная компания,,+79377400044,+79377400044,https://wa.me/79377400044,+7‒937‒740‒00‒44 / +7 (8442) 78‒68‒26,,https://t.me/dom34kafyan,"Прутский проезд, 3",,0,,"Кровельные работы, Строительство дач и коттеджей, Строительство бань и саун, Быстровозводимые здания, Кованые изделия"
A,🟢 нет,Волгоградская область,Волжский,подрядчик,Эльба,,+79054339782,+79054339782,https://wa.me/79054339782,+7‒905‒433‒97‒82,,,"улица Дружбы, 85а",,0,,"Кровельные работы, Строительство сельхозсооружений, Строительство фундамента, Фасадные работы, Ремонт помещений"
A,🟢 нет,Волгоградская область,Волгоград,подрядчик,Строй-инвест,,+79377119909,+79377119909,https://wa.me/79377119909,+7‒937‒711‒99‒09,,,"улица Моцарта, 39а",,0,,"Кровельные работы, Стройматериалы, Керамическая плитка, Кровельные материалы, Фасадные материалы и конструкции, Кирпич, Строительные блоки, Строительство дач и коттеджей, Строительство бань и саун, Сухие строительные смеси, Бетон и раствор, Песок и щебень, Оборудование для производства стройматериалов, Напольные покрытия, Погонажные изделия, Деревообработка, Теплоизоляционные материалы, Гидроизоляционные материалы, Звукоизоляционные материалы, Тротуарная плитка, Фасадные работы, Свайные работы, Строительное оборудование, Герметики и клеи, ДСП, ДВП, фанера, Железобетонные изделия, Заборы и ограждения, Керамогранит, Крепёж, Материалы для дорожного строительства, Металлоконструкции для строительства, Огнеупорные материалы, Пило- и лесоматериалы, Цемент, Ремонт помещений, Укладка напольных покрытий, Застройщики, Строительство административных зданий, Ремонт зданий, Асбестотехническая продукция"
A,🟢 нет,Волгоградская область,рп. Средняя Ахтуба,подрядчик,Премиум,,+79047727358,+79047727358,https://wa.me/79047727358,+7‒904‒772‒73‒58,,,"улица Ленина, 41",,0,,"Кровельные работы, Промышленное строительство, Фасадные работы, Электромонтажные работы, Строительство дач и коттеджей"
A,🟢 нет,Волгоградская область,рп. Светлый Яр,подрядчик,Компания по кровельным работам,,+79272555653,+79272555653,https://wa.me/79272555653,+7‒927‒255‒56‒53 / +7‒937‒698‒20‒97,,https://t.me/+79272555653,"Театральный переулок, 1/2",,0,,"Кровельные работы, Заборы и ограждения, Строительство фундамента"
A,🟢 нет,Воронежская область,Воронеж,подрядчик,Four seasons roofing store,,+79601341062,+79601341062,https://wa.me/79601341062,+7 (473) 228‒33‒88 / +7‒960‒134‒10‒62,,,"Краснознамённая улица, 90а",5,8,7,"Кровельные работы, Кровельные материалы, Тротуарная плитка, Кирпич, Строительство дач и коттеджей"
A,🟢 нет,Воронежская область,Воронеж,подрядчик,Кровстав,ООО Кровстав,+79529549083,+79192420012,https://wa.me/79529549083,+7‒919‒242‒00‒12,,,"Ленинский проспект, 15",4.5,2,10,"Кровельные работы, Ремонт помещений, Высотные работы, Внутренние системы отопления, водоснабжения, канализации"
A,🟢 нет,Воронежская область,с. Бабяково,подрядчик,Деревянное домостроение,,+79304093337,+79204615427,https://wa.me/79304093337,+7‒920‒461‒54‒27 / +7‒930‒409‒33‒37 / +7 (473) 257‒55‒99,,,"Огородняя улица, 2Б",1,1,26,"Кровельные работы, Строительство дач и коттеджей, Строительство бань и саун"
A,🟢 нет,Воронежская область,Воронеж,подрядчик,Ефрат,ООО Ефрат,+79805327291,+79805327291,https://wa.me/79805327291,+7 (473) 229‒23‒72 / +7‒980‒532‒72‒91 / +7‒920‒229‒23‒72,,,"Балтийский переулок, 56",,0,,"Кровельные работы, Ремонт помещений, Строительство дач и коттеджей"
A,🟢 нет,Воронежская область,Воронеж,подрядчик,Альянс,ООО Альянс,+79202295792,+79202295792,https://wa.me/79202295792,+7‒920‒229‒57‒92 / +7 (473) 260‒43‒12,,,"Солнечная улица, 12в",,0,14,"Кровельные работы, Ремонт помещений, Строительство административных зданий, Ремонт зданий"
A,🟢 нет,Воронежская область,Воронеж,подрядчик,Кровельный центр,,+79204444999,+79204444999,https://wa.me/79204444999,+7‒920‒444‒49‒99,,https://t.me/+79204444999,"улица Бахметьева, 4",,0,5,"Кровельные работы, Кровельные материалы, Фасадные материалы и конструкции, Заборы и ограждения"
A,🟢 нет,Воронежская область,Воронеж,подрядчик,Ресурс Комплект,ООО Ресурс Комплект,+79515405311,+79515405311,https://wa.me/79515405311,+7‒951‒540‒53‒11,,,"улица Машиностроителей, 82",,0,3,"Кровельные работы, Ремонт помещений"
A,🟢 нет,Воронежская область,Воронеж,подрядчик,СтройГрад-П,ООО СтройГрад-П,+79202296166,+79202296166,https://wa.me/79202296166,+7‒920‒229‒61‒66,,,"Средне-Московская улица, 31",,0,,"Кровельные работы, Снос зданий, Электромонтажные работы"
A,🟢 нет,Воронежская область,Воронеж,подрядчик,Кровельные российские технологии,,+79081423980,+79081423980,https://wa.me/79081423980,+7‒908‒142‒39‒80,,,"проспект Труда, 111",,0,,"Кровельные работы, Гидроизоляционные работы"
A,🟢 нет,Воронежская область,Воронеж,подрядчик,Домстрой,ООО Домстрой,+79507509979,+79507509979,https://wa.me/79507509979,+7‒950‒750‒99‒79,,,"улица Маршала Жукова, 4",,0,11,"Кровельные работы, Строительство дач и коттеджей, Строительство бань и саун, Внутренние системы отопления, водоснабжения, канализации, Ремонт помещений"
A,🟢 нет,Воронежская область,Воронеж,подрядчик,Стройсервис,ООО Стройсервис,+79518538802,+79964507779,https://wa.me/79518538802,+7‒996‒450‒77‒79 / +7‒951‒853‒88‒02 / +7‒920‒223‒95‒30 / +7‒951‒854‒88‒02,,,"улица Ломоносова, 98Б",,0,,"Кровельные работы, Ремонт помещений, Ремонт зданий, Электромонтажные работы, Фасадные работы"
A,🟢 нет,Воронежская область,Воронеж,подрядчик,Новая высота,ООО Новая высота,+79304066111,+79304066111,https://wa.me/79304066111,+7‒930‒406‒61‒11,,,"бульвар Победы, 50в",,0,12,"Кровельные работы, Высотные работы, Фасадные работы, Ремонт помещений, Строительство дач и коттеджей"
A,🟢 нет,Воронежская область,Воронеж,подрядчик,ДомСтройКомплекс36,,+79202116578,+79202116578,https://wa.me/79202116578,+7 (473) 229‒65‒78 / +7‒920‒211‒65‒78,,https://t.me/+79202116578,"улица Свободы, 75",,0,,"Кровельные работы, Строительство дач и коттеджей, Строительство фундамента, Недвижимость за рубежом"
A,🟢 нет,Воронежская область,пос. Солнечный,подрядчик,Стройтэп,ООО Стройтэп,+79050510004,+79050510004,https://wa.me/79050510004,+7‒905‒051‒00‒04,,https://t.me/+79050510004,"Московское шоссе, 30",,0,,"Кровельные работы, Стройматериалы, Кровельные материалы, Фасадные материалы и конструкции, Заборы и ограждения, Системы водоотведения, Теплоизоляционные материалы, Фасадные работы, Гидроизоляционные материалы"
A,🟢 нет,Воронежская область,с. Ямное,подрядчик,HausDach,,+79997222996,+79997222996,https://wa.me/79997222996,+7‒999‒722‒29‒96,,,"улица Фельдмаршала Кутузова, 32а",,0,3,"Кровельные работы, Строительство дач и коттеджей, Кровельные материалы"
A,🟢 нет,Воронежская область,Россошь,подрядчик,Кровельно-строительная компания,,+79003040775,+79003040775,https://wa.me/79003040775,+7‒900‒304‒07‒75,,https://t.me/+79003040775,"улица Правды, 8",,0,,"Кровельные работы, Строительство дач и коттеджей, Ремонт помещений"
A,🟢 нет,Краснодарский край,Сочи,подрядчик,Компания по строительным и ремонтным услугам,,+79284577359,+79284577359,https://wa.me/79284577359,+7‒928‒457‒73‒59,,,,4.9,48,,"Кровельные работы, Ремонт помещений, Электромонтажные работы, Электротехника, Монтаж климатических систем"
A,🟢 нет,Краснодарский край,Сочи,подрядчик,Компания по изготовлению и монтажу перил из нержавеющей стали и стекла,,+79881645889,+79881645889,https://wa.me/79881645889,+7‒988‒164‒58‒89,,https://t.me/+79881645889,,5,8,1,"Кровельные работы, Заборы и ограждения, Интерьерные лестницы"
A,🟢 нет,Краснодарский край,Сочи,подрядчик,Сервис по ремонту крыш,,+79996513472,+79384200590,https://wa.me/79996513472,+7‒938‒420‒05‒90 / +7‒999‒651‒34‒72,,https://t.me/+79996513472,"Краснодонская улица, 71",4.4,7,,"Кровельные работы, Высотные работы, Гидроизоляционные работы, Теплоизоляционные работы"
A,🟢 нет,Краснодарский край,Сочи,подрядчик,Академия Строительства,,+79221516869,+79220206869,https://wa.me/79221516869,+7‒922‒020‒68‒69,,,,1,1,,"Кровельные работы, Стройматериалы, Ремонт зданий, Строительство фундамента, Свайные работы, Тротуарная плитка, Металлоконструкции для строительства, Заборы и ограждения, Быстровозводимые здания, Строительство дач и коттеджей, Строительство бань и саун, Ремонт помещений"
A,🟢 нет,Краснодарский край,с. Раздольное,подрядчик,Green-Land,,+79884048283,+79884048283,https://wa.me/79884048283,+7‒988‒404‒82‒83,,,"Тепличная улица, 20",5,1,3,Кровельные работы
A,🟢 нет,Краснодарский край,Сочи,подрядчик,КровляСочи.рф,,+79881890616,+79881890616,https://wa.me/79881890616,+7‒988‒189‒06‒16,,,"СТ Лысая Гора, 88/10; Пятигорская улица, 88/10",,0,,Кровельные работы
A,🟢 нет,Краснодарский край,с. Раздольное,подрядчик,ДЭТком,ООО ДЭТком,+79183052390,+79183052390,https://wa.me/79183052390,+7‒918‒305‒23‒90,,,"Тепличная улица, 20",,0,5,"Кровельные работы, Металлоконструкции для строительства, Заборы и ограждения, Оргстекло и поликарбонат, Строительство дач и коттеджей"
A,🟢 нет,Краснодарский край,Сочи,подрядчик,Pws Global,,+79966483505,+79966483505,https://wa.me/79966483505,+7‒996‒648‒35‒05,,https://t.me/+79966483505,"улица Труда, 27а",,0,,"Кровельные работы, Кровельные материалы, Фасадные материалы и конструкции, Ремонт зданий, Фасадные работы"
A,🟢 нет,Краснодарский край,Сочи,подрядчик,Компания по сварочным работам,,+79512623676,+79512623676,https://wa.me/79512623676,+7‒951‒262‒36‒76,,https://t.me/+79512623676,,,0,2,"Кровельные работы, Сварочные работы"
A,🟢 нет,Краснодарский край,с. Сергей-Поле,подрядчик,Лист 23,ООО Лист 23,+79182015976,+79182015976,https://wa.me/79182015976,+7‒918‒201‒59‒76,,,"улица Славы, 125",,0,,"Кровельные работы, Строительство бань и саун, Строительство дач и коттеджей"
A,🟢 нет,Краснодарский край,Сочи,подрядчик,Рубель-Строй,,+79881462555,+79881462555,https://wa.me/79881462555,+7‒988‒146‒25‒55,,https://t.me/+79881462555,"улица Пархоменко, 19 к2",,0,,"Кровельные работы, Фасадные работы, Ремонт помещений"
A,🟢 нет,Нижегородская область,Нижний Новгород,подрядчик,Европарк,,+79519014964,+79519014964,https://wa.me/79519014964,+7‒951‒901‒49‒64,,,"Рождественская улица, 36в",,0,,"Кровельные работы, Фасадные работы, Ремонт помещений, Внутренние системы отопления, водоснабжения, канализации, Ландшафтный дизайн"
A,🟢 нет,Нижегородская область,Нижний Новгород,подрядчик,ИзиСтройНН,ООО ИзиСтройНН,+79200051493,+79200051493,https://wa.me/79200051493,+7‒920‒005‒14‒93,,,"Большая Печёрская улица, 28",,0,,"Кровельные работы, Ремонт помещений, Строительство дач и коттеджей, Фасадные работы, Ремонт зданий"
A,🟢 нет,Нижегородская область,Нижний Новгород,подрядчик,МегаДорСтрой,ООО МегаДорСтрой,+79648311331,+79648311331,https://wa.me/79648311331,+7‒964‒831‒13‒31,,https://t.me/+79648311331,"улица Ванеева, 34",,0,,"Кровельные работы, Строительство дорог, Ремонт помещений, Фасадные работы"
A,🟢 нет,Нижегородская область,Бор,подрядчик,Бруталит,,+79040634161,+79040634161,https://wa.me/79040634161,+7‒904‒063‒41‒61 / +7‒920‒043‒86‒82,,,"улица Ленина, 153",,0,5,"Кровельные работы, Ландшафтный дизайн, Строительство дач и коттеджей, Геологические работы"
A,🟢 нет,Нижегородская область,Нижний Новгород,подрядчик,Трио,,+79202533556,+79202533556,https://wa.me/79202533556,+7 (831) 413‒35‒56 / +7‒920‒253‒35‒56,,,"улица Чаадаева, 5",,0,,"Кровельные работы, Ремонт помещений, Фасадные работы, Высотные работы, Строительство дач и коттеджей"
A,🟢 нет,Нижегородская область,Нижний Новгород,подрядчик,Мастер Н,ООО Мастер Н,+79601707090,+79601707090,https://wa.me/79601707090,+7‒960‒170‒70‒90,,,,,0,,"Кровельные работы, Ремонт помещений"
A,🟢 нет,Нижегородская область,Нижний Новгород,подрядчик,Вертикаль,ООО Вертикаль,+79877496739,+79877496739,https://wa.me/79877496739,+7 (831) 410‒37‒33 / +7‒987‒749‒67‒39,,,,,0,11,"Кровельные работы, Фасадные работы"
A,🟢 нет,Нижегородская область,Нижний Новгород,подрядчик,Геострой,ООО Геострой,+79308020208,+79648333336,https://wa.me/79308020208,+7‒964‒833‒33‒36 / +7‒930‒802‒02‒08,,,"Бойновский переулок, 9",,0,15,"Кровельные работы, Ремонт помещений, Ремонт зданий, Строительство административных зданий, Фасадные работы"
A,🟢 нет,Нижегородская область,Нижний Новгород,подрядчик,Стройруф,ООО Стройруф,+79308053017,+79308053017,https://wa.me/79308053017,+7‒930‒805‒30‒17,,,,,0,,Кровельные работы
A,🟢 нет,Нижегородская область,Бор,подрядчик,ЧинПоЧину,,+79101416669,+79991396669,https://wa.me/79101416669,+7‒999‒139‒66‒69 / +7‒910‒141‒66‒69,,https://t.me/chin_po_chiny,,,0,3,"Кровельные работы, Ландшафтный дизайн, Тротуарная плитка, Строительство дорог, Системы водоотведения"
A,🟢 нет,Нижегородская область,Нижний Новгород,подрядчик,Строй-Сервис,,+79506066650,+79506066650,https://wa.me/79506066650,+7‒950‒606‒66‒50,,,"Ракетная улица, 3а",,0,6,"Кровельные работы, Строительство дач и коттеджей, Строительство бань и саун, Электромонтажные работы, Внутренние системы отопления, водоснабжения, канализации"
A,🟢 нет,Нижегородская область,Нижний Новгород,подрядчик,Свой дом,,+79108750355,+79202963875,https://wa.me/79108750355,+7‒920‒296‒38‒75 / +7‒910‒875‒03‒55 / +7 (831) 274‒56‒68,,,"улица Чаадаева, 5",,0,,"Кровельные работы, Строительство дач и коттеджей, Строительство бань и саун, Быстровозводимые здания, Фасадные работы"
A,🟢 нет,Нижегородская область,Нижний Новгород,подрядчик,КС Позитив,ООО КС Позитив,+79601805525,,https://wa.me/79601805525,+7 (831) 212‒85‒98,,,"Монастырка, 1в",,0,5,"Кровельные работы, Лаки и краски, Кровельные материалы, Устройство промышленных и наливных полов, Ремонт зданий"
A,🟢 нет,Нижегородская область,Нижний Новгород,подрядчик,Техинвестстрой,,+79087345631,+79087345631,https://wa.me/79087345631,+7 (8312) 30‒11‒52 / +7 (831) 283‒81‒52 / +7‒908‒734‒56‒31,,,"Федосеенко, 55а",,0,19,"Кровельные работы, Металлоконструкции для строительства, Благоустройство улиц, Аренда спецтехники, Промышленное строительство"
A,🟢 нет,Нижегородская область,Нижний Новгород,подрядчик,Ironwood,,+79049090555,+79049090555,https://wa.me/79049090555,+7‒904‒909‒05‒55,,,"Новошкольная улица, 8",,0,11,"Кровельные работы, Деревообработка, Кованые изделия, Заборы и ограждения, Облицовочный камень"
A,🟢 нет,Республика Татарстан,Казань,подрядчик,Токата,ООО Токата,+79033056706,+79033056706,https://wa.me/79033056706,+7 (843) 247‒02‒02 / +7‒903‒305‒67‒06,,https://t.me/+7903305-67-06,"улица Гаврилова, 10а",5,19,,"Кровельные работы, Тёплые полы, Электронагревательное оборудование"
A,🟢 нет,Республика Татарстан,Казань,подрядчик,Фасадно-кровельный центр,,+79625568865,+79625568865,https://wa.me/79625568865,+7‒962‒556‒88‒65,,,"Оренбургский проезд, 128 к2",5,9,,"Кровельные работы, Фасадные работы, Фасадные материалы и конструкции, Кровельные материалы"
A,🟢 нет,Республика Татарстан,Казань,подрядчик,Три мастера,ООО Три мастера,+79662607040,+79655840557,https://wa.me/79662607040,+7 (843) 260‒70‒40 / +7‒965‒584‒05‒57,,https://t.me/+79662607040,"улица Копылова, 1г",4.4,3,8,"Кровельные работы, Кровельные материалы"
A,🟢 нет,Республика Татарстан,Казань,подрядчик,Ранар,ООО Ранар,+79870686686,+79953300767,https://wa.me/79870686686,+7‒995‒330‒07‒67,,,"улица Энгельса, 1",5,2,7,"Кровельные работы, Электромонтажные работы, Ремонт зданий, Ремонт помещений, Строительство административных зданий"
A,🟢 нет,Республика Татарстан,Казань,подрядчик,El dacha Home,,+79600445364,+79600445364,https://wa.me/79600445364,+7 (843) 248‒07‒07 / +7‒960‒044‒53‒64,,,"улица Рауиса Гареева, 90 к1",5,2,7,"Кровельные работы, Продажа земельных участков, Строительство дач и коттеджей, Ремонт помещений, Фасадные работы"
A,🟢 нет,Республика Татарстан,Казань,подрядчик,Стройдомдвор,ООО Стройдомдвор,+79653716716,+79653716716,https://wa.me/79653716716,+7‒965‒371‒67‒16,,,"улица Четаева, 50",4,1,3,"Кровельные работы, Ремонт помещений, Тротуарная плитка, Кровельные материалы, Ландшафтный дизайн"
A,🟢 нет,Республика Татарстан,Казань,подрядчик,Честный дом,,+79662402016,+79662402016,https://wa.me/79662402016,+7 (843) 240‒20‒16 / +7‒966‒240‒20‒16,,,"улица Аделя Кутуя, 153а",5,1,5,"Кровельные работы, Строительство дач и коттеджей, Фасадные работы, Ремонт помещений"
A,🟢 нет,Республика Татарстан,Казань,подрядчик,РСК Кратос,,+79872250518,+79172958549,https://wa.me/79872250518,+7‒917‒295‒85‒49 / +7 (843) 225‒05‒18,,,"улица Гаврилова, 10а",,0,11,"Кровельные работы, Фасадные работы, Ремонт помещений"
A,🟢 нет,Республика Татарстан,Казань,подрядчик,Хороший ремонт,,+79377701990,+79377701990,https://wa.me/79377701990,+7‒937‒770‒19‒90,,,"улица Бурхана Шахиди, 17",,0,,"Кровельные работы, Ремонт помещений, Клининг, Ремонт зданий, Строительство дач и коттеджей"
A,🟢 нет,Республика Татарстан,Казань,подрядчик,Кровля и Кровельщики,,+79274032020,+79083335396,https://wa.me/79274032020,+7‒908‒333‒53‒96,,,,,0,,Кровельные работы
A,🟢 нет,Республика Татарстан,Казань,подрядчик,Новая крыша,,+79534896667,,https://wa.me/79534896667,+7 (843) 267‒46‒40,,,,,0,,"Кровельные работы, Кровельные материалы, Ремонт помещений"
A,🟢 нет,Ростовская область,Ростов-на-Дону,подрядчик,Жестяная мастерская,,+79001357836,+79001357836,https://wa.me/79001357836,+7‒900‒135‒78‒36 / +7‒995‒091‒99‒95,,,"Беломорский переулок, 20з",2.3,3,,"Кровельные работы, Кровельные материалы, Нержавеющий металлопрокат, Фасадные материалы и конструкции, Фасадные работы"
A,🟢 нет,Ростовская область,Ростов-на-Дону,подрядчик,Южные Вершины,ООО Южные Вершины,+79281605857,+79281605857,https://wa.me/79281605857,+7‒928‒160‒58‒57,,,"Шолохова проспект, 270/1 к1",4.7,3,,"Кровельные работы, Стройматериалы, Ремонт помещений, Строительство дач и коттеджей, Сухие строительные смеси"
A,🟢 нет,Ростовская область,Ростов-на-Дону,подрядчик,Первый дом,,+79282703416,+79282703416,https://wa.me/79282703416,+7‒928‒270‒34‒16,,,"Каширская улица, 5",5,1,,"Кровельные работы, Стройматериалы, Звукоизоляционные материалы, Кровельные материалы, Сэндвич-панели, Гидроизоляционные материалы, Теплоизоляционные материалы, Фасадные работы, Фасадные материалы и конструкции"
A,🟢 нет,Ростовская область,Ростов-на-Дону,подрядчик,Альп Гарант,ООО Альп Гарант,+79514958669,+79094530910,https://wa.me/79514958669,+7‒909‒453‒09‒10,,,"улица Тельмана, 20",,0,9,"Кровельные работы, Высотные работы, Ремонт зданий, Ремонт помещений"
A,🟢 нет,Ростовская область,Ростов-на-Дону,подрядчик,Теплострой,,+79885886994,+79094099242,https://wa.me/79885886994,+7‒909‒409‒92‒42,,,"14-я линия, 53",,0,,"Кровельные работы, Высотные работы, Ремонт зданий, Фасадные работы"
A,🟢 нет,Ростовская область,Ростов-на-Дону,подрядчик,Альянс,,+79185555657,+79185555657,https://wa.me/79185555657,+7‒918‒555‒56‒57,,,"улица Вавилова, 62г",,0,,"Кровельные работы, Гидроизоляционные материалы, Гидроизоляционные работы, Антикоррозийная обработка металла"
A,🟢 нет,Ростовская область,Ростов-на-Дону,подрядчик,Служба кровельных работ,,+79010001783,+79010001783,https://wa.me/79010001783,+7‒901‒000‒17‒83,,,,,0,,Кровельные работы
A,🟢 нет,Ростовская область,Ростов-на-Дону,подрядчик,Строительно-монтажная компания,,+79508440769,+79508440769,https://wa.me/79508440769,+7‒950‒844‒07‒69,,,"Томская улица, 69",,0,7,Кровельные работы
A,🟢 нет,Ростовская область,Ростов-на-Дону,подрядчик,Дож строй,,+79518387788,+79518387788,https://wa.me/79518387788,+7‒951‒838‒77‒88,,https://t.me/dozh_stroi,"улица Доватора, 150/5",,0,,"Кровельные работы, Кровельные материалы"
A,🟢 нет,Ростовская область,Новочеркасск,подрядчик,Покров,,+79054564044,+79054564044,https://wa.me/79054564044,+7‒905‒456‒40‒44 / +7‒938‒127‒90‒00,,,"Ермака проспект, 103",,0,8,"Кровельные работы, Металлоконструкции для строительства, Ландшафтный дизайн"
A,🟢 нет,Ростовская область,Новочеркасск,подрядчик,Красный молот,,+79045056048,+79045056048,https://wa.me/79045056048,+7‒904‒505‒60‒48 / +7‒909‒404‒10‒61,,,"Селекционная улица, 19",,0,13,"Кровельные работы, Металлоконструкции для строительства, Сварочные работы"
A,🟢 нет,Ростовская область,с. Самарское,подрядчик,Дон-монтаж,,+79381477082,+79381477082,https://wa.me/79381477082,+7‒938‒147‒70‒82,,,"переулок Ленина, 2",,0,5,"Кровельные работы, Сварочные работы"
A,🟢 нет,Ростовская область,Новочеркасск,подрядчик,ИнженерСтройПлюс,,+79281513513,+79281513513,https://wa.me/79281513513,+7‒928‒151‒35‒13,,,"улица Николаевой-Терешковой, 14",,0,,"Кровельные работы, Ремонт помещений, Теплоизоляционные работы"
A,🟢 нет,Ростовская область,Семикаракорск,подрядчик,Домострой,,+79518413314,+79518413314,https://wa.me/79518413314,+7‒951‒841‒33‒14,,,"1-й переулок, 91",,0,3,"Кровельные работы, Стройматериалы, Кровельные материалы, Теплоизоляционные материалы, Сухие строительные смеси, Лаки и краски, Окна, Сварочные работы, Фасадные работы, Фасадные материалы и конструкции"
A,🟢 нет,Ростовская область,пос. Целина,подрядчик,Вектор развития,,+79281582228,+79281582228,https://wa.me/79281582228,+7‒928‒158‒22‒28,,,"3-я линия, 114",,0,3,"Кровельные работы, Ремонт окон, Фасадные работы, Окна"
A,🟢 нет,Ростовская область,Сальск,подрядчик,Кровля плюс,,+79188519968,+79188519968,https://wa.me/79188519968,+7‒918‒851‒99‒68,,,"улица Николая Островского, 2ф",,0,3,"Кровельные работы, Стройматериалы, Кровельные материалы, Сухие строительные смеси, Лаки и краски, Теплоизоляционные материалы, Строительство дач и коттеджей, Пило- и лесоматериалы, Застройщики"
A,🟢 нет,Самарская область,пос. Придорожный,подрядчик,Пена-Самара.ру,ООО Пена-Самара.ру,+79649856701,+79033017191,https://wa.me/79649856701,+7‒903‒301‒71‒91,,,"Утёвская улица, 46/1",5,5,5,"Кровельные работы, Теплоизоляционные работы, Теплоизоляционные материалы, Гидроизоляционные работы, Ремонт помещений"
A,🟢 нет,Самарская область,Самара,подрядчик,Строительное управление №3,ООО Строительное управление №3,+79033003834,+79033003834,https://wa.me/79033003834,+7‒903‒300‒38‒34,,,,,0,,"Кровельные работы, Ремонт помещений, Фасадные работы"
A,🟢 нет,Самарская область,Самара,подрядчик,Компания кровельных работ,,+79276593455,+79276593455,https://wa.me/79276593455,+7‒927‒659‒34‒55,,,,,0,10,Кровельные работы
A,🟢 нет,Самарская область,Самара,подрядчик,Компания строительных и ремонтных работ,,+79879118102,+79879118102,https://wa.me/79879118102,+7‒987‒911‒81‒02,,,,,0,6,"Кровельные работы, Высотные работы, Электромонтажные работы, Фасадные работы"
A,🟢 нет,Самарская область,Самара,подрядчик,ШавринКровля,,+79170313136,+79170313136,https://wa.me/79170313136,+7‒917‒031‒31‒36,,https://t.me/+79170313136,,,0,3,Кровельные работы
A,🟢 нет,Самарская область,Самара,подрядчик,ИП Карапетян Т.В.,,+79874419040,+79874419040,https://wa.me/79874419040,+7‒987‒441‒90‒40,,https://t.me/+79874419040,,,0,3,"Кровельные работы, Строительство дач и коттеджей, Ремонт помещений, Фасадные работы, Электромонтажные работы"
A,🟢 нет,Самарская область,Самара,подрядчик,"Компания по монтажу заборов, ограждений и кровли",,+79879187432,+79277948847,https://wa.me/79879187432,+7‒927‒794‒88‒47,,https://t.me/+79879187432,,,0,,"Кровельные работы, Заборы и ограждения"
A,🟢 нет,Самарская область,Самара,подрядчик,Теплый дом,ООО Теплый дом,+79171075565,,https://wa.me/79171075565,+7 (846) 267‒55‒65,,https://t.me/+79171075565,"Ново-Садовая улица, 271",,0,3,"Кровельные работы, Ремонт зданий, Фасадные работы, Электромонтажные работы"
A,🟢 нет,Самарская область,Самара,подрядчик,Руфпрофи63,,+79276021999,+79276021999,https://wa.me/79276021999,+7‒927‒602‒19‒99,,https://t.me/+79276021999,"улица Дыбенко, 34",,0,,"Кровельные работы, Фасадные работы"
A,🟢 нет,Самарская область,Самара,подрядчик,Грепвайн,,+79879046631,+79879046631,https://wa.me/79879046631,+7‒987‒904‒66‒31,,https://t.me/+79879046631,"улица Свободы, 126а",,0,,"Кровельные работы, Клининг, Высотные работы, Фасадные работы"
A,🟢 нет,Самарская область,Самара,подрядчик,ТоргСтройДоставка,,+79371006063,+79371006063,https://wa.me/79371006063,+7‒937‒100‒60‒63,,,"улица Елизарова, 1 ст5",,0,10,"Кровельные работы, Стройматериалы, Отделочные материалы, Металлообработка, Фасадные материалы и конструкции, Кровельные материалы, Заборы и ограждения, Городские автогрузоперевозки, Крепёж, Гидроизоляционные материалы, Металлообрабатывающее оборудование, ДСП, ДВП, фанера"
A,🟢 нет,Ставропольский край,с. Верхнерусское,подрядчик,Жестяной цех,,+79187562215,+79187562215,https://wa.me/79187562215,+7‒918‒756‒22‒15 / +7‒962‒400‒40‒53,,,"Батайская улица, 23а",5,16,8,"Кровельные работы, Кровельные материалы, Металлоизделия, Сварочные работы, Заборы и ограждения"
A,🟢 нет,Ставропольский край,Ставрополь,подрядчик,АртСтрой,,+79283052997,+79283708218,https://wa.me/79283052997,+7‒928‒370‒82‒18 / +7‒928‒305‒29‒97,,,"2-й Юго-Западный проезд, 1 к2",5,4,,"Кровельные работы, Кровельные материалы, Фасадные материалы и конструкции"
A,🟢 нет,Ставропольский край,Ставрополь,подрядчик,РСО26,,+79614947565,+79614947565,https://wa.me/79614947565,+7‒961‒494‒75‒65,,,,4.7,3,9,"Кровельные работы, Ремонт помещений, Строительство дач и коттеджей, Фасадные работы, Дизайн интерьеров"
A,🟢 нет,Ставропольский край,Ставрополь,подрядчик,ДомСтройСервис,,+79064902141,+79624980020,https://wa.me/79064902141,+7‒962‒498‒00‒20 / +7‒906‒490‒21‒41,,,"улица Пушкина, 69",4.5,2,,"Кровельные работы, Монтаж сантехнического оборудования, Ремонт помещений, Высотные работы"
A,🟢 нет,Ставропольский край,Ставрополь,подрядчик,Надежный Дом СК,,+79197364176,+79197364176,https://wa.me/79197364176,+7‒919‒736‒41‒76,,https://t.me/+79197364176,"улица Бруснёва, 2в",5,2,,"Кровельные работы, Строительство дач и коттеджей, Строительство фундамента"
A,🟢 нет,Ставропольский край,Ставрополь,подрядчик,Кровельная компания,,+79682673785,+79682673785,https://wa.me/79682673785,+7‒968‒267‒37‒85,,,"улица Назара Енина, 24в",,0,10,"Кровельные работы, Кровельные материалы, Фасадные работы, Заборы и ограждения"
A,🟢 нет,Ставропольский край,Ставрополь,подрядчик,Центр сварочных работ,,+79188725399,+79188725399,https://wa.me/79188725399,+7‒918‒872‒53‒99 / +7 (8652) 66‒46‒69,,,"Шпаковская улица, 66 к1",,0,2,"Кровельные работы, Сварочные работы"
A,🟢 нет,Ставропольский край,Ставрополь,подрядчик,Компания промышленного альпинизма,,+79624508099,+79624550550,https://wa.me/79624508099,+7 (8652) 60‒80‒99 / +7‒962‒455‒05‒50 / +7‒962‒450‒80‒99,,,,,0,,"Кровельные работы, Высотные работы, Фасадные работы, Ремонт помещений, Заборы и ограждения"
A,🟢 нет,Ставропольский край,Ставрополь,подрядчик,Выше Крыши,,+79187762666,+79187762666,https://wa.me/79187762666,+7‒918‒776‒26‒66 / +7 (8652) 91‒53‒15,,,,,0,,"Кровельные работы, Высотные работы, Фасадные работы"
A,🟢 нет,Ставропольский край,Ставрополь,подрядчик,Промальп и профстрой,,+79283655681,+79283655681,https://wa.me/79283655681,+7 (8652) 72‒03‒51 / +7‒928‒365‒56‒81,,,"Шпаковская улица, 76/3 к1",,0,,"Кровельные работы, Ремонт помещений, Фасадные работы, Высотные работы, Внутренние системы отопления, водоснабжения, канализации"
A,🟢 нет,Ставропольский край,Ставрополь,подрядчик,СтавСтройБизнес,ООО СтавСтройБизнес,+79624539943,+79624539943,https://wa.me/79624539943,+7‒962‒453‒99‒43,,,"Шпаковская улица, 97",,0,,"Кровельные работы, Быстровозводимые здания"
A,🟢 нет,Ставропольский край,Ставрополь,подрядчик,Крофос,,+79383333022,+79383333022,https://wa.me/79383333022,+7‒938‒333‒30‒22 / +7‒938‒333‒36‒15,,,"Объездная улица, 17 к1",,0,,"Кровельные работы, Кровельные материалы, Заборы и ограждения, Теплоизоляционные материалы, Фасадные материалы и конструкции"
A,🟢 нет,Ставропольский край,Михайловск,подрядчик,Маляров РемСтрой,,+79187415575,+79054673975,https://wa.me/79187415575,+7‒905‒467‒39‒75,,https://t.me/+79054673975,"улица Никонова, 49Б",,0,,"Кровельные работы, Строительство дач и коттеджей, Ремонт помещений, Сварочные работы, Фасадные материалы и конструкции"
A,🟢 нет,Ставропольский край,с. Грачевка,подрядчик,Всё для Кровли,,+79188852758,+79188852758,https://wa.me/79188852758,+7‒918‒885‒27‒58,,https://t.me/+79188852758,"Ставропольская улица, 30а",,0,1,"Кровельные работы, Кровельные материалы, Крепёж"
A,🟢 нет,Ставропольский край,Изобильный,подрядчик,Компания по кровельным работам,,+79188861019,+79188861019,https://wa.me/79188861019,+7‒918‒886‒10‒19,,,"улица Кирова, 136а",,0,,"Кровельные работы, Фасадные работы, Теплоизоляционные работы"
A,🟢 нет,Ставропольский край,с. Обильное,подрядчик,Стройкровля,,+79187693427,+79187693427,https://wa.me/79187693427,+7‒918‒769‒34‒27,,,"Базарная улица, 14",,0,3,"Кровельные работы, Кровельные материалы, Системы водоотведения, Заборы и ограждения, Фасадные материалы и конструкции"
A,🟢 нет,Волгоградская область,Волгоград,подрядчик,Авида Ремстрой,,,+79023127777,https://wa.me/79023127777,+7‒902‒312‒77‒77,,,"улица Канунникова, 9",,0,1,"Кровельные работы, Ремонт помещений, Электромонтажные работы, Монтаж сантехнического оборудования"
A,🟢 нет,Волгоградская область,Волгоград,подрядчик,Фартстрой,,,+79610659390,https://wa.me/79610659390,+7‒961‒065‒93‒90,,,"улица 7-й Гвардейской, 7",,0,,"Кровельные работы, Ремонт помещений, Фасадные работы, Строительство дач и коттеджей"
A,🟢 нет,Волгоградская область,Волгоград,подрядчик,Конкор,,,+79375519933,https://wa.me/79375519933,+7‒937‒551‒99‒33,,,"улица Менделеева, 43",,0,,Кровельные работы
A,🟢 нет,Волгоградская область,Волгоград,подрядчик,Рус-кроф,,,+79610662170,https://wa.me/79610662170,+7‒961‒066‒21‒70,,,"Безымянная улица, 1",,0,12,Кровельные работы
A,🟢 нет,Волгоградская область,Волгоград,подрядчик,Компания кровельных работ,,,+79275283075,https://wa.me/79275283075,+7‒927‒528‒30‒75,,,,,0,0,Кровельные работы
A,🟢 нет,Волгоградская область,Волгоград,подрядчик,Работа на высоте,,,+79195441050,https://wa.me/79195441050,+7‒919‒544‒10‒50,,,"Антрацитная улица, 2",,0,,Кровельные работы
A,🟢 нет,Волгоградская область,Волжский,подрядчик,Компания кровельных работ под ключ,,,+79033722454,https://wa.me/79033722454,+7‒903‒372‒24‒54,,,"Набережная улица, 2л",,0,,Кровельные работы
A,🟢 нет,Волгоградская область,х. Захаров,подрядчик,Кровельно-монтажная компания,,,+79015971760,https://wa.me/79015971760,+7‒901‒597‒17‒60,,,,,0,0,Кровельные работы
A,🟢 нет,Волгоградская область,Волгоград,подрядчик,Центр кровельных решений и строительных работ,,,+79377117775,https://wa.me/79377117775,+7‒937‒711‒77‒75,,,"улица Героев Тулы, 90",,0,0,Кровельные материалы
A,🟢 нет,Воронежская область,Воронеж,подрядчик,КР Прогресс-Москва,ООО КР Прогресс-Москва,,+79066758332,https://wa.me/79066758332,+7‒906‒675‒83‒32 / +7‒952‒549‒76‒03,,,"улица Пирогова, 87Б",5,1,1,Кровельные работы
A,🟢 нет,Воронежская область,Воронеж,подрядчик,Компания кровельных работ,,,+79515569935,https://wa.me/79515569935,+7‒951‒556‒99‒35,,,"Ростовская улица, 51/3",5,1,10,Кровельные работы
A,🟢 нет,Воронежская область,с. Нижнедевицк,подрядчик,МеталлПрофиль,,,+79202118224,https://wa.me/79202118224,+7‒920‒211‒82‒24,,https://t.me/+79204058262,"Революционная улица, 23",5,1,1,"Кровельные работы, Кровельные материалы, Фасадные материалы и конструкции, Окна, Заборы и ограждения"
A,🟢 нет,Воронежская область,Воронеж,подрядчик,СК Март,ООО СК Март,,+79192496365,https://wa.me/79192496365,+7‒919‒249‒63‒65,,,"Средне-Московская улица, 31",,0,,"Кровельные работы, Снос зданий"
A,🟢 нет,Воронежская область,Воронеж,подрядчик,АрхСтройЭксперт,ООО АрхСтройЭксперт,,+79155820107,https://wa.me/79155820107,+7‒915‒582‒01‒07,,https://t.me/+79155820107,"улица Ворошилова, 16",,0,1,"Кровельные работы, Строительство сельхозсооружений, Строительство административных зданий, Строительство дач и коттеджей, Фасадные работы"
A,🟢 нет,Воронежская область,Воронеж,подрядчик,Юрлайн,,,+79529568151,https://wa.me/79529568151,+7‒952‒956‒81‒51,,,"улица Ленина, 73",,0,0,"Кровельные работы, Ремонт помещений"
A,🟢 нет,Воронежская область,Воронеж,подрядчик,Компания по кровельным работам,,,+79290110725,https://wa.me/79290110725,+7‒929‒011‒07‒25,,,,,0,0,Кровельные работы
A,🟢 нет,Воронежская область,пос. Отрадное,подрядчик,Компания кровельных работ,,,+79065906965,https://wa.me/79065906965,+7‒906‒590‒69‒65,,,"улица 50 лет Октября, 95",,0,10,Кровельные работы
A,🟢 нет,Воронежская область,Борисоглебск,подрядчик,Кровельная компания,,,+79805398613,https://wa.me/79805398613,+7‒980‒539‒86‒13,,,"улица Свободы, 215а",,0,,"Кровельные работы, Вентиляционное, тепловое оборудование, Заборы и ограждения"
A,🟢 нет,Краснодарский край,Сочи,подрядчик,Рубикон,ООО Рубикон,,+79933088808,https://wa.me/79933088808,+7‒993‒308‒88‒08 / +7‒952‒816‒67‒77,,https://t.me/+79528166777,,5,2,12,"Кровельные работы, Строительство дач и коттеджей, Строительство бань и саун, Благоустройство улиц, Ремонт помещений"
A,🟢 нет,Краснодарский край,с. Барановка (Хостинский),подрядчик,Кровстрой,,,+79511114119,https://wa.me/79511114119,+7‒951‒111‒41‒19,,,"Речной переулок, 11в",5,1,,"Кровельные работы, Ремонт помещений, Сухие строительные смеси"
A,🟢 нет,Краснодарский край,Сочи,подрядчик,Строительная компания,,,+79231255067,https://wa.me/79231255067,+7‒923‒125‒50‒67 / +7‒931‒394‒77‒90,,https://t.me/+79313947790,"Краснодонская улица, 6/1",,0,3,"Кровельные работы, Строительство дач и коттеджей, Быстровозводимые здания, Фасадные работы, Заборы и ограждения"
A,🟢 нет,Краснодарский край,Сочи,подрядчик,Компания промышленного альпинизма,,,+79613010039,https://wa.me/79613010039,+7‒961‒301‒00‒39,,,,,0,0,"Кровельные работы, Высотные работы, Фасадные работы"
A,🟢 нет,Краснодарский край,Сочи,подрядчик,Строительная компания,,,+79773309070,https://wa.me/79773309070,+7‒977‒330‒90‒70,,,,,0,0,"Кровельные работы, Строительство дач и коттеджей"
A,🟢 нет,Краснодарский край,с. Краевско-Армянское,подрядчик,Компания по строительству дачных домов и коттеджей,,,+79514146427,https://wa.me/79514146427,+7‒951‒414‒64‒27,,,"Измайловская улица, 39а",,0,0,"Кровельные работы, Строительство дач и коттеджей, Строительство бань и саун"
A,🟢 нет,Краснодарский край,Сочи,подрядчик,Элитстрой,ООО Элитстрой,,+79180016642,https://wa.me/79180016642,+7‒918‒001‒66‒42,,,"аллея Челтенхэма, 30",,0,7,"Кровельные работы, Дизайн интерьеров, Фасадные работы, Ремонт помещений"
A,🟢 нет,Нижегородская область,Дзержинск,подрядчик,На высоте,ООО На высоте,,+79036066323,https://wa.me/79036066323,+7‒903‒606‒63‒23 / +7‒920‒038‒14‒31,,,"улица Черняховского, 41",1,2,,"Кровельные работы, Высотные работы, Фасадные работы, Заборы и ограждения"
A,🟢 нет,Нижегородская область,Дзержинск,подрядчик,М-строй,,,+79108783272,https://wa.me/79108783272,+7‒910‒878‒32‒72,,,"улица Ватутина, 29а",5,1,5,"Кровельные работы, Ремонт помещений, Электромонтажные работы, Фасадные работы, Высотные работы"
A,🟢 нет,Нижегородская область,Нижний Новгород,подрядчик,Темп52,,,+79103956001,https://wa.me/79103956001,+7‒910‒395‒60‒01,,,"Московское шоссе, 52л",,0,,"Кровельные работы, Строительство дач и коттеджей, Фасадные работы"
A,🟢 нет,Нижегородская область,Нижний Новгород,подрядчик,Мик-строй,,,+79527718984,https://wa.me/79527718984,+7‒952‒771‒89‒84,,,,,0,3,"Кровельные работы, Строительство дач и коттеджей, Ремонт помещений"
A,🟢 нет,Нижегородская область,Нижний Новгород,подрядчик,Компания кровельных работ,,,+79535657152,https://wa.me/79535657152,+7‒953‒565‒71‒52,,,,,0,0,Кровельные работы
A,🟢 нет,Нижегородская область,Нижний Новгород,подрядчик,Технологии качества,,,+79519046681,https://wa.me/79519046681,+7‒951‒904‒66‒81 / +7‒951‒904‒17‒32,,,"улица Пушкина, 18",,0,10,Кровельные работы
A,🟢 нет,Нижегородская область,Нижний Новгород,подрядчик,Выездная организация кровельных работ,,,+79307170010,https://wa.me/79307170010,+7‒930‒717‒00‒10,,,,,0,5,Кровельные работы
A,🟢 нет,Нижегородская область,Нижний Новгород,подрядчик,Ремонтная компания,,,+79200777768,https://wa.me/79200777768,+7‒920‒077‒77‒68,,,"Казанское шоссе, 7",,0,,"Кровельные работы, Ремонт помещений, Фасадные работы"
A,🟢 нет,Нижегородская область,Бор,подрядчик,Krovelshik NN,,,+79047936965,https://wa.me/79047936965,+7‒904‒793‒69‒65,,,"улица Толстого, 2а",,0,,"Кровельные работы, Кровельные материалы, Фасадные материалы и конструкции, Заборы и ограждения, Строительство дач и коттеджей"
A,🟢 нет,Нижегородская область,Нижний Новгород,подрядчик,Эльтонстрой,ООО Эльтонстрой,,+79103899187,https://wa.me/79103899187,+7‒910‒389‒91‒87,,,"Московское шоссе, 109",,0,,"Кровельные работы, Металлоконструкции для строительства, Архитектурное проектирование, Фасадные работы, Промышленное строительство"
A,🟢 нет,Нижегородская область,д. Пичугино,подрядчик,Электропроф,,,+79087311877,https://wa.me/79087311877,+7‒908‒731‒18‒77,,,,,0,5,"Кровельные работы, Электромонтажные работы, Ремонт помещений"
A,🟢 нет,Нижегородская область,Нижний Новгород,подрядчик,Баупрофис,,,+79991997686,https://wa.me/79991997686,+7‒999‒199‒76‒86 / +7‒910‒124‒29‒08,,,"улица Чаадаева, 44Б к1",,0,6,"Кровельные работы, Строительство дач и коттеджей, Ремонт помещений, Монтаж климатических систем, Строительство фундамента"
A,🟢 нет,Нижегородская область,Дзержинск,подрядчик,Альянс-фк,ООО Альянс-фк,,+79200033901,https://wa.me/79200033901,+7‒920‒003‒39‒01,,,,,0,,"Кровельные работы, Каркасно-тентовые конструкции, Заборы и ограждения, Металлоизделия"
A,🟢 нет,Нижегородская область,Арзамас,подрядчик,Компания кровельных работ,,,+79202522470,https://wa.me/79202522470,+7‒920‒252‒24‒70,,,,,0,0,Кровельные работы
A,🟢 нет,Республика Татарстан,Казань,подрядчик,Эверест,ООО Эверест,,+79868227377,https://wa.me/79868227377,+7‒986‒822‒73‒77,,,"Бухарская улица, 32 к3",,0,,"Кровельные работы, Ремонт зданий, Ремонт помещений, Фасадные работы"
A,🟢 нет,Республика Татарстан,пос. Октябрьский,подрядчик,Кровля+Крепеж,ООО Кровля+крепеж,,+79053765461,https://wa.me/79053765461,+7‒905‒376‒54‒61,,,"Школьная улица, 3",,0,,"Кровельные работы, Кровельные материалы"
A,🟢 нет,Ростовская область,Ростов-на-Дону,подрядчик,Памир,,,+79133351777,https://wa.me/79133351777,+7‒913‒335‒17‒77 / +7‒950‒573‒70‒10,,,"улица Ерёменко, 60/11",,0,,Кровельные работы
A,🟢 нет,Ростовская область,Ростов-на-Дону,подрядчик,ДонСтройФасад,,,+79198765517,https://wa.me/79198765517,+7‒919‒876‒55‒17,,,"улица Содружества, 84",,0,5,"Кровельные работы, Фасадные материалы и конструкции, Ремонт помещений"
A,🟢 нет,Ростовская область,Ростов-на-Дону,подрядчик,Стройдоставка,,,+79185923144,https://wa.me/79185923144,+7‒918‒592‒31‒44,,,"проспект 40-летия Победы, 75",,0,,"Кровельные работы, Фасадные работы, Благоустройство улиц, Снос зданий"
A,🟢 нет,Ростовская область,с. Николаевка,подрядчик,Архимед,,,+79287725000,https://wa.me/79287725000,+7‒928‒772‒50‒00,,,"улица Ленина, 281",,0,,"Кровельные работы, Строительство дач и коттеджей, Кровельные материалы"
A,🟢 нет,Ростовская область,Каменск-Шахтинский,подрядчик,Промкомплектсервис,,,+79034615465,https://wa.me/79034615465,+7‒903‒461‒54‒65,,,"5-я линия, 10",,0,7,"Кровельные работы, Ремонт помещений, Наружное отопление, водоснабжение, канализация"
A,🟢 нет,Ростовская область,Каменск-Шахтинский,подрядчик,Krovla-visota,,,+79508626029,https://wa.me/79508626029,+7‒950‒862‒60‒29,,,"проспект Карла Маркса, 54",,0,3,Кровельные работы
A,🟢 нет,Ростовская область,Сальск,подрядчик,Объединение кровельщиков г. Сальск,,,+79081751504,https://wa.me/79081751504,+7‒908‒175‒15‒04 / +7‒928‒107‒91‒79,,,"улица Мичурина, 25",,0,7,Кровельные работы
A,🟢 нет,Самарская область,Самара,подрядчик,КупиДом,,,+79608145016,https://wa.me/79608145016,+7‒960‒814‒50‒16,,,"Ульяновская улица, 52",5,2,3,"Кровельные работы, Строительство дач и коттеджей, Строительство фундамента, Фасадные работы"
A,🟢 нет,Самарская область,Самара,подрядчик,Янис,,,+79371877816,https://wa.me/79371877816,+7‒937‒187‒78‒16,,,,,0,,Кровельные работы
A,🟢 нет,Самарская область,Самара,подрядчик,ФК Строй,ООО ФК Строй,,+79276858366,https://wa.me/79276858366,+7‒927‒685‒83‒66,,,"улица Крупской, 1",,0,1,"Кровельные работы, Фасадные работы, Ремонт помещений, Монтаж сантехнического оборудования"
A,🟢 нет,Самарская область,Самара,подрядчик,Компания по фасадным и кровельным работам,,,+79613813060,https://wa.me/79613813060,+7‒961‒381‒30‒60,,,,,0,0,"Кровельные работы, Фасадные работы"
A,🟢 нет,Самарская область,Самара,подрядчик,Стройартм,,,+79277053450,https://wa.me/79277053450,+7‒927‒705‒34‒50,,,,,0,0,"Кровельные работы, Внутренние системы отопления, водоснабжения, канализации, Наружное отопление, водоснабжение, канализация"
A,🟢 нет,Самарская область,Самара,подрядчик,Ремстрой,ООО Ремстрой,,+79272608948,https://wa.me/79272608948,+7 (846) 263‒41‒46 / +7‒927‒260‒89‒48,,,"Ново-Садовая улица, 156а",,0,,"Кровельные работы, Ремонт зданий, Электромонтажные работы, Фасадные работы, Внутренние системы отопления, водоснабжения, канализации"
A,🟢 нет,Самарская область,Самара,подрядчик,Ск Современник,ООО Ск Современник,,+79270068026,https://wa.me/79270068026,+7‒927‒006‒80‒26,,,"улица Советской Армии, 180/3",,0,,"Кровельные работы, Ремонт помещений, Строительство дач и коттеджей, Фасадные работы, Ремонт зданий"
A,🟢 нет,Самарская область,Самара,подрядчик,Компания кровельных работ,,,+79171388787,https://wa.me/79171388787,+7‒917‒138‒87‒87,,https://t.me/rfmo163,"улица Советской Армии, 240",,0,2,Кровельные работы
A,🟢 нет,Самарская область,Самара,подрядчик,Фортис-строй Технолоджи,ООО Фортис-строй Технолоджи,,+79277357735,https://wa.me/79277357735,+7‒927‒735‒77‒35,,https://t.me/fortis63,"улица Стара-Загора, 27 лит Б-Б1",,0,5,"Кровельные работы, Ремонт помещений, Строительство административных зданий, Фасадные работы, Строительство дач и коттеджей"
A,🟢 нет,Самарская область,Самара,подрядчик,Компания по услугам высотных работ,,,+79063428630,https://wa.me/79063428630,+7‒906‒342‒86‒30,,,"Солнечная улица, 28а",,0,0,"Кровельные работы, Высотные работы, Ремонт зданий, Фасадные работы"
A,🟢 нет,Самарская область,Самара,подрядчик,Eurofalz,ООО Союз,,+79370650302,https://wa.me/79370650302,+7 (846) 219‒20‒47 / +7‒937‒065‒03‒02,,,"Металлургическая улица, 51",,0,9,Кровельные работы
A,🟢 нет,Самарская область,пгт Алексеевка,подрядчик,Дом Кровли,,,+79277503212,https://wa.me/79277503212,+7‒927‒750‒32‒12,,,"Чапаевская улица, 72а",,0,0,"Кровельные работы, Кровельные материалы, Фасадные материалы и конструкции, Металлообрабатывающее оборудование"
A,🟢 нет,Самарская область,Отрадный,подрядчик,Батрак,,,+79179576766,https://wa.me/79179576766,+7‒917‒957‒67‒66,,,,,0,2,"Кровельные работы, Монтаж сантехнического оборудования, Фасадные работы, Натяжные потолки, Строительство дорог"
A,🟢 нет,Ставропольский край,с. Курсавка,подрядчик,СтройДвор,,,+79283186151,https://wa.me/79283186151,+7‒928‒318‒61‒51,,,"Октябрьская улица, 120а",5,2,13,"Кровельные работы, Строительство фундамента, Строительство дач и коттеджей"
A,🟢 нет,Ставропольский край,Ставрополь,подрядчик,Прохладная крыша 26,,,+79188653689,https://wa.me/79188653689,+7‒918‒865‒36‒89 / +7 (8652) 41‒85‒80,,,"4-я Промышленная улица, 1а",5,1,1,"Кровельные работы, Гидроизоляционные материалы, Кровельные материалы, Гидроизоляционные работы"
A,🟢 нет,Ставропольский край,Зеленокумск,подрядчик,Госткровля,,,+79888660300,https://wa.me/79888660300,+7‒988‒866‒03‒00,,,"улица 50 лет Октября, 38",1,1,3,"Кровельные работы, Окна, Натяжные потолки, Кровельные материалы"
A,🟢 нет,Ставропольский край,Ставрополь,подрядчик,Гранд,ООО Гранд,,+79283156315,https://wa.me/79283156315,+7‒928‒315‒63‒15,,,"улица Горького, 42",,0,,"Кровельные работы, Снос зданий, Электромонтажные работы"
A,🟢 нет,Ставропольский край,Ставрополь,подрядчик,Грандстрой-1,ООО Грандстрой-1,,+79887673474,https://wa.me/79887673474,+7‒988‒767‒34‒74 / +7 (8652) 60‒26‒04,,,"Объездная улица, 19Б",,0,,"Кровельные работы, Аренда спецтехники, Благоустройство улиц"
A,🟢 нет,Ставропольский край,Ставрополь,подрядчик,КровляДело,,,+79283000862,https://wa.me/79283000862,+7‒928‒300‒08‒62,,,"45-я Параллель, 79",,0,,"Кровельные работы, Кровельные материалы"
A,🟢 нет,Ставропольский край,Буденновск,подрядчик,"Sts Grup, студия ландшафтного дизайна",,,+79097557274,https://wa.me/79097557274,+7‒909‒755‒72‒74 / +7‒928‒377‒81‒37,,,"Западная улица, 3",,0,7,"Кровельные работы, Ландшафтный дизайн, Ремонт помещений"
A,🟢 нет,Ставропольский край,Буденновск,подрядчик,"Альфа-металл, центр металлоизделий",,,+79187502932,https://wa.me/79187502932,+7‒918‒750‒29‒32 / +7‒962‒022‒31‒86,,,"Западная улица, 3",,0,7,"Кровельные работы, Металлоизделия"
A,🟢 нет,Ставропольский край,Буденновск,подрядчик,Крышмастер,,,+79034468884,https://wa.me/79034468884,+7‒903‒446‒88‒84 / +7‒928‒651‒85‒61,,,"улица Свободы, 319",,0,7,Кровельные работы
B,есть,Волгоградская область,Волгоград,подрядчик,Стройэкогарант,,+79610813000,+79610813000,https://wa.me/79610813000,+7‒961‒081‒30‒00 / +7 (8442) 98‒30‒83,Stroimdoma34.ru,https://t.me/+79610813000,"Коммунистическая улица, 5а",5,16,,"Кровельные работы, Строительство дач и коттеджей"
B,есть,Волгоградская область,Волжский,подрядчик,Волжский забор,ООО Волжский забор,+79033157331,+79377233399,https://wa.me/79033157331,+7‒937‒723‒33‒99 / +7‒903‒315‒73‒31,volzhsky-zabor.ru,,"Дорожная улица, 7",4.3,6,,"Кровельные работы, Заборы и ограждения, Металлоконструкции для строительства"
B,есть,Волгоградская область,Волгоград,подрядчик,Скифф,,+79616817511,+79616817511,https://wa.me/79616817511,+7 (8442) 52‒10‒10 / +7‒961‒681‒75‒11 / +7‒962‒760‒16‒26,tc-ug.ru,,"Козловская улица, 38 лит А",5,5,,"Кровельные работы, Стройматериалы, Кровельные материалы, Теплоизоляционные работы, Теплоизоляционные материалы, Гидроизоляционные материалы, Звукоизоляционные материалы, Огнезащитные материалы, Фасадные материалы и конструкции, Герметики и клеи"
B,есть,Волгоградская область,Волгоград,подрядчик,Кирпичный центр,,+79197967994,+79197967994,https://wa.me/79197967994,+7‒919‒796‒79‒94,kirpcentr.ru,https://t.me/+79197967994,"улица 25-летия Октября, 1 ст204",4,4,,"Кровельные работы, Стройматериалы, Кирпич, Строительные блоки, Тротуарная плитка, Фасадные материалы и конструкции, Кровельные материалы, Сухие строительные смеси, Цемент"
B,есть,Волгоградская область,Волжский,подрядчик,Прораб 34,,+79375393050,+79375393050,https://wa.me/79375393050,+7‒937‒539‒30‒50,prorab34.ru,https://t.me/+79375393050,"Молодёжная улица, 3",5,4,12,"Кровельные работы, Заборы и ограждения, Ремонт помещений, Строительство дач и коттеджей, Фасадные работы"
B,есть,Волгоградская область,Волгоград,подрядчик,Выездная служба по ремонту кровли,,+79370973761,+79370973761,https://wa.me/79370973761,+7‒937‒097‒37‒61,Перейти в Telegram-канал,https://t.me/+79370973761,"улица Гороховцев, 5/4",5,3,2,"Кровельные работы, Ремонт зданий, Высотные работы"
B,есть,Волгоградская область,Волгоград,подрядчик,Бабкина Дача,ООО Кронос,+79173387600,+79173387600,https://wa.me/79173387600,+7 (8442) 98‒76‒00 / +7‒917‒338‒76‒00,бабкинадача.рф,,"улица 5-й массив, 178",5,1,8,"Кровельные работы, Строительство дач и коттеджей, Электромонтажные работы, Строительство бань и саун, Внутренние системы отопления, водоснабжения, канализации, Монтаж охранно-пожарных систем, Ремонт помещений, Товары для отопления, водоснабжения, канализации"
B,есть,Волгоградская область,Волгоград,подрядчик,Юг Мастер,,+79686600999,+79686600999,https://wa.me/79686600999,+7‒968‒660‒09‒99,stroimasterug.ru,,"Радомская улица, 27",,0,,"Кровельные работы, Фасадные работы, Быстровозводимые здания, Металлоконструкции для строительства, Сэндвич-панели"
B,есть,Волгоградская область,Волгоград,подрядчик,Ремкровля,,+79023632889,+79023632889,https://wa.me/79023632889,+7‒902‒363‒28‒89,remkrovla.ru,,,,0,,Кровельные работы
B,есть,Волгоградская область,Волгоград,подрядчик,Строй Монтаж Комплект,,+79275077525,+79275077525,https://wa.me/79275077525,+7‒927‒507‒75‒25 / +7 (8442) 50‒65‒25,smk-volga.ru,https://t.me/smkvolga,"улица Скосырева, 5",,0,,"Кровельные работы, Строительство дач и коттеджей, Фасадные работы, Входные двери, Межкомнатные двери"
B,есть,Волгоградская область,Волгоград,подрядчик,АртБилд,,+79061661361,+79061661361,https://wa.me/79061661361,+7‒906‒166‒13‒61,artbild2025.ru,https://t.me/+79061661361,,,0,,"Кровельные работы, Инжиниринговые услуги, Электромонтажные работы, Ремонт помещений, Проектирование инженерных систем"
B,есть,Волгоградская область,Волгоград,подрядчик,Норма,ООО Норма,+79023138632,+79023138632,https://wa.me/79023138632,+7‒902‒313‒86‒32,t-krovlya.ru,,"улица 4-х Связистов, 15н",,0,,"Кровельные работы, Кованые изделия, Фасадные работы, Монтаж сантехнического оборудования"
B,есть,Волгоградская область,х. Госпитомник,подрядчик,ЭкоСтрой,,+79880100007,+79880100007,https://wa.me/79880100007,+7‒988‒010‒00‒07,экострой34.рф,https://t.me/+79880100007,"Парковский переулок, 21",,0,2,"Кровельные работы, Стройматериалы, Цемент, Цветной металлопрокат, Кирпич, Песок и щебень, Пило- и лесоматериалы, Сухие строительные смеси, Сварочные работы, Садово-парковая мебель"
B,есть,Волгоградская область,Волгоград,подрядчик,Матрица,,+79275080787,+79275080787,https://wa.me/79275080787,+7‒927‒508‒07‒87 / +7 (8442) 50‒41‒09,gold-kupol.ru,https://t.me/+79275080787,"Волгоградская улица, 31",,0,,"Кровельные работы, Религиозные товары, Кованые изделия, Металлоконструкции для строительства, Деревообработка"
B,есть,Волгоградская область,Волжский,подрядчик,Волжский забор строй монтаж,ООО Советникъ,+79610909077,+79610909077,https://wa.me/79610909077,+7‒961‒090‒90‒77 / +7 (8443) 38‒34‒09,zabor-vlz.ru,,"улица Пушкина, 76",,0,9,"Кровельные работы, Металлоконструкции для строительства, Заборы и ограждения"
B,есть,Волгоградская область,Волгоград,подрядчик,ММУС,,+79375680900,+79375680900,https://wa.me/79375680900,+7‒937‒568‒09‒00,mmus.ru,https://t.me/+79375680900,"улица 40 лет ВЛКСМ, 43",,0,,"Кровельные работы, Строительство фундамента, Земляные работы, Ремонт помещений, Огнезащитная обработка"
B,есть,Воронежская область,Воронеж,подрядчик,Дома сип под ключ,ООО Дома сип под ключ,+79304290090,+79304290090,https://wa.me/79304290090,+7 (473) 229‒39‒84 / +7‒930‒429‒00‒90,dspkdom.ru,,"улица Генерала Лизюкова, 3",5,21,7,"Кровельные работы, Строительство дач и коттеджей, Сэндвич-панели, Фасадные работы, Строительство бань и саун"
B,есть,Воронежская область,Воронеж,подрядчик,ТехноПрофиль,,+79066716690,+79515566026,https://wa.me/79066716690,+7‒951‒556‒60‒26,tehnoprofill.ru,https://t.me/tehnoprofill,"проспект Труда, 48а",4.4,7,10,"Кровельные работы, Строительство дач и коттеджей, Строительство фундамента, Застройщики, Ремонт зданий"
B,есть,Воронежская область,Воронеж,подрядчик,БизАтмо,,+79009627982,+79009627982,https://wa.me/79009627982,+7‒900‒962‒79‒82 / +7‒962‒332‒62‒48,bizatmo36.ru,https://t.me/+79009627982,"улица Кривошеина, 13",5,5,,"Кровельные работы, Строительство дач и коттеджей, Строительство бань и саун, Быстровозводимые здания, Фасадные работы"
B,есть,Воронежская область,Воронеж,подрядчик,ПГС Недвижимость,,+79107498989,+79107498989,https://wa.me/79107498989,+7‒910‒749‒89‒89 / +7 (473) 275‒89‒89,realtypgsco.ru,,"Пролетарская улица, 87в",5,4,9,"Кровельные работы, Архитектурное проектирование, Строительство дач и коттеджей, Проектирование инженерных систем, Строительство фундамента"
B,есть,Воронежская область,Воронеж,подрядчик,Эверест,,+79803466030,+79290094499,https://wa.me/79803466030,+7‒929‒009‒44‒99 / +7‒980‒346‒60‒30 / +7 (473) 229‒92‒91,everestkrov.ru,,"Новый переулок, 12",5,2,8,"Кровельные работы, Кровельные материалы"
B,есть,Воронежская область,Воронеж,подрядчик,Альфа Кровля,,+79529594358,+79529594358,https://wa.me/79529594358,+7 (473) 292‒53‒58 / +7‒952‒959‒43‒58,alfaroof.ru,https://t.me/+79529594358,"Олимпийский бульвар, 12",5,2,,"Кровельные работы, Ремонт помещений, Внутренние системы отопления, водоснабжения, канализации"
B,есть,Воронежская область,Воронеж,подрядчик,Фасадно-кровельный центр,,+79202299258,,https://wa.me/79202299258,+7 (473) 202‒90‒80,f-kc.ru,https://t.me/AndryxanVrn,"улица Остужева, 54а/7",5,1,,"Кровельные работы, Стройматериалы, Кровельные материалы, Фасадные материалы и конструкции, Теплоизоляционные материалы, Заборы и ограждения, Строительство дач и коттеджей, Металлоконструкции для строительства, Системы водоотведения, Фасадные работы"
B,есть,Воронежская область,Воронеж,подрядчик,Сипгрупп,,+79202017700,+79202017700,https://wa.me/79202017700,+7‒920‒201‒77‒00,sksipgroup.ru/,,"улица 45 Стрелковой Дивизии, 255",,0,5,"Кровельные работы, Строительство дач и коттеджей, Строительство бань и саун, Фасадные работы, Кровельные материалы, Отделочные материалы"
B,есть,Воронежская область,Воронеж,подрядчик,СтройМонтаж,,+79100416142,+79100416142,https://wa.me/79100416142,+7 (473) 333‒40‒36 / +7 (473) 229‒09‒49 / +7‒910‒041‒61‒42,avsdom.ru,,"улица Димитрова, 118/1",,0,,"Кровельные работы, Строительство дач и коттеджей, Строительство бань и саун, Ремонт помещений, Фасадные работы"
B,есть,Воронежская область,Воронеж,подрядчик,Профэкспертсервис,,+79204444575,+79204444575,https://wa.me/79204444575,+7 (473) 292‒48‒64 / +7‒920‒444‒45‒75,profexp-vrn.ru,,,,0,,"Кровельные работы, Высотные работы, Фасадные работы, Электромонтажные работы, Монтаж сантехнического оборудования"
B,есть,Воронежская область,Воронеж,подрядчик,Регион,,+79805539085,+79805539085,https://wa.me/79805539085,+7‒980‒553‒90‒85 / +7 (473) 209‒00‒09,skrvrn.ru,,"улица Кости Стрелюка, 11/13",,0,7,"Кровельные работы, Быстровозводимые здания, Ремонт помещений, Электромонтажные работы, Фасадные работы"
B,есть,Воронежская область,Воронеж,подрядчик,Прайм Ппу,ООО Прайм Ппу,+79152180163,,https://wa.me/79152180163,8‒800‒551‒20‒85,voronezh.poliuretan-ppu.ru,,,,0,5,"Кровельные работы, Теплоизоляционные работы, Теплоизоляционные материалы, Гидроизоляционные материалы, Гидроизоляционные работы"
B,есть,Воронежская область,Воронеж,подрядчик,Атларус,ООО Атларус,+79507621294,+79507621294,https://wa.me/79507621294,+7‒950‒762‒12‒94 / +7‒952‒955‒12‒35,atlarus.ru,https://t.me/+79507621294,"Транспортная улица, 1",,0,6,"Кровельные работы, Строительство фундамента, Устройство промышленных и наливных полов"
B,есть,Воронежская область,Воронеж,подрядчик,Мирас-строй,ООО Мирас-строй,+79507504596,+79507504596,https://wa.me/79507504596,+7‒950‒750‒45‒96,vezem-36.ru,,"улица Полины Осипенко, 27а",,0,,"Кровельные работы, Электромонтажные работы"
B,есть,Воронежская область,пос. Отрадное,подрядчик,Stelldom,,+79300110026,,https://wa.me/79300110026,+7 (473) 300‒33‒01,stelldom.ru,,"Гололобовский переулок, 6",,0,5,"Кровельные работы, Промышленное строительство, Фасадные работы, Ремонт зданий, Проектирование инженерных систем"
B,есть,Воронежская область,Воронеж,подрядчик,Гидро36,,+79515412741,+79515412741,https://wa.me/79515412741,+7‒951‒541‒27‒41,gidro36.ru,https://t.me/+79515412741,"улица Антонова-Овсеенко, 5",,0,,"Кровельные работы, Гидроизоляционные работы, Ремонт помещений, Гидроизоляционные материалы, Сухие строительные смеси"
B,есть,Воронежская область,рп. Рамонь,подрядчик,Кровцентр,,+79204273156,+79204273156,https://wa.me/79204273156,+7‒920‒427‒31‒56 / +7‒910‒281‒78‒47,центр-кров.рф,,"улица 50 лет ВЛКСМ, 71",,0,4,"Кровельные работы, Кровельные материалы, Заборы и ограждения, Фасадные материалы и конструкции, Фасадные работы"
B,есть,Краснодарский край,Сочи,подрядчик,ТвойЭкоДом,,+79882351260,+79882351260,https://wa.me/79882351260,+7‒988‒235‒12‒60,твойэкодом.рф,https://t.me/tvoyecodom23,"улица Гагарина, 72 ст1",5,21,8,"Кровельные работы, Фасадные работы, Строительство дач и коттеджей, Быстровозводимые здания, Строительство фундамента"
B,есть,Краснодарский край,Сочи,подрядчик,Топ фасад,,+79884114871,+79186028678,https://wa.me/79884114871,+7‒918‒602‒86‒78 / +7‒988‒411‒48‒71,topfasadgroup.ru,https://t.me/+79186028678,"Авиационная улица, 19а/4",5,18,,"Кровельные работы, Фасадные работы, Фасадные материалы и конструкции, Теплоизоляционные материалы, Кровельные материалы"
B,есть,Краснодарский край,Сочи,подрядчик,Корпорация Тахион,,+79111927777,+79881471888,https://wa.me/79111927777,+7‒988‒147‒18‒88,tachyon-stroi.ru,https://t.me/tachionstroi,"улица Гастелло, 23а",5,9,1,"Кровельные работы, Строительство дач и коттеджей, Строительство дорог, Фасадные работы, Ремонт помещений"
B,есть,Краснодарский край,Сочи,подрядчик,Полигид,ООО Полигид,+79284526464,+79284526464,https://wa.me/79284526464,+7‒928‒452‒64‒64,poligid.com,,"Пластунская улица, 52ж",5,8,,"Кровельные работы, Гидроизоляционные работы, Теплоизоляционные работы, Строительство дач и коттеджей, Антикоррозийная обработка металла"
B,есть,Краснодарский край,Сочи,подрядчик,Мега-строй,ООО Мега-строй,+79189131000,+79184090972,https://wa.me/79189131000,+7‒918‒409‒09‒72 / +7‒918‒913‒10‒00,www.megastroisochi.ru,,"Пластунская улица, 131/1",3.7,6,18,"Кровельные работы, Строительство дач и коттеджей, Кровельные материалы, Фасадные материалы и конструкции, Тёплые полы"
B,есть,Краснодарский край,Сочи,подрядчик,На Высоте,,+79628889771,+79628889771,https://wa.me/79628889771,+7‒962‒888‒97‒71,navisotesochi.ru,https://t.me/+79628889771,"Санаторная улица, 55",5,2,5,"Кровельные работы, Фасадные работы, Высотные работы, Благоустройство улиц, Клининг"
B,есть,Краснодарский край,Сочи,подрядчик,Realstroy,,+79184012695,+79184012695,https://wa.me/79184012695,+7‒918‒401‒26‒95 / +7‒938‒495‒87‒49,kladka24-sochi.ru,,"Ручей Видный улица, 2а",5,1,19,"Кровельные работы, Электромонтажные работы, Строительство дач и коттеджей, Ремонт помещений"
B,есть,Краснодарский край,Сочи,подрядчик,Аксиома,ООО Аксиома,+79530916161,+79530916161,https://wa.me/79530916161,+7‒953‒091‒61‒61 / +7‒928‒446‒61‒63 / +7‒928‒446‒64‒61,www.axioma93.ru,https://t.me/+79530916161,"улица Искры, 68Б",5,1,,"Кровельные работы, Строительство дач и коттеджей, Благоустройство улиц, Ремонт помещений, Ремонт зданий"
B,есть,Краснодарский край,с. Орел-Изумруд,подрядчик,3-Б групп,,+79884090055,+79882318881,https://wa.me/79884090055,+7‒988‒231‒88‒81 / +7‒988‒409‒00‒55,3bgroup.ru,https://t.me/+79884090055,"улица Лазурная Долина, 127а",5,1,7,"Кровельные работы, Строительные блоки, Строительство дач и коттеджей, Ландшафтный дизайн, Быстровозводимые здания"
B,есть,Краснодарский край,Сочи,подрядчик,Промат Групп,ООО Промат Групп,+79372322222,+79372322222,https://wa.me/79372322222,+7‒937‒232‒22‒22,Перейти в Telegram-канал,,"улица Молокова, 46",5,1,,"Кровельные работы, Стройматериалы, Строительство дач и коттеджей, Фасадные работы"
B,есть,Краснодарский край,Сочи,подрядчик,Вск,,+79284569616,+79284569616,https://wa.me/79284569616,+7 (862) 233‒43‒00 / +7‒928‒456‒96‒16,vsc-sochi.ru,,"Коммунальная улица, 39а",,0,11,"Кровельные работы, Металлоконструкции для строительства, Быстровозводимые здания, Гидроизоляционные работы, Укладка напольных покрытий"
B,есть,Краснодарский край,Сочи,подрядчик,СоПрофф,,+79882347555,+79305555255,https://wa.me/79882347555,+7‒930‒555‒52‒55 / +7‒988‒234‒75‒55,soproff.ru,,"улица Яна Фабрициуса, 26",,0,,"Кровельные работы, Металлоизделия, Кровельные материалы"
B,есть,Краснодарский край,Сочи,подрядчик,Кровби,,+79189047735,,https://wa.me/79189047735,+7 (862) 555‒28‒42,krovbe.ru,https://t.me/krovbe_ru,"улица Гастелло, 30а к2",,0,12,"Кровельные работы, Кровельные материалы, Заборы и ограждения"
B,есть,Краснодарский край,Туапсе,подрядчик,Альтеза-Альп,,+79516120859,+79516120859,https://wa.me/79516120859,+7‒951‒612‒08‒59 / +7‒901‒222‒34‒44,altezaalp.ru,https://t.me/+79516120859,"улица Калараша, 43",,0,4,"Кровельные работы, Гидроизоляционные работы"
B,есть,Нижегородская область,Нижний Новгород,подрядчик,Именитая изба,ООО Именитая изба,+79100077779,+79100077779,https://wa.me/79100077779,+7‒910‒007‒77‒79,izba-52.ru,https://t.me/izba52,"улица Саврасова, 8",5,27,,"Кровельные работы, Строительство дач и коттеджей, Строительство бань и саун, Пило- и лесоматериалы, Ремонт помещений"
B,есть,Нижегородская область,Нижний Новгород,подрядчик,Чистый век,,+79506093148,+79200354165,https://wa.me/79506093148,+7‒920‒035‒41‒65 / +7‒950‒609‒31‒48,pure-century.ru,,"проспект Ленина, 25",5,17,,"Кровельные работы, Строительство бань и саун, Строительство дач и коттеджей, Теплоизоляционные работы, Пило- и лесоматериалы"
B,есть,Нижегородская область,Нижний Новгород,подрядчик,Быстро Ремонт,,+79290536046,+79290536046,https://wa.me/79290536046,+7‒929‒053‒60‒46 / +7 (831) 423‒60‒46,bystro-remont.ru,,"улица Тимирязева, 3 к2",5,13,,"Кровельные работы, Ремонт помещений, Электромонтажные работы"
B,есть,Нижегородская область,Нижний Новгород,подрядчик,Столица крыш,,+79159493786,,https://wa.me/79159493786,+7 (831) 218‒66‒05,vseposmete.com,https://t.me/+79159493786,"деревня Ольгино, 78а",4.7,13,5,"Кровельные работы, Кровельные материалы, Заборы и ограждения"
B,есть,Нижегородская область,Нижний Новгород,подрядчик,Компания по кровельному и фасадному сервису,,+79535566000,+79535566000,https://wa.me/79535566000,+7‒953‒556‒60‒00,kfservis.ru,,"Гордеевская улица, 199а",5,7,6,"Кровельные работы, Кровельные материалы, Фасадные материалы и конструкции, Фасадные работы, Заборы и ограждения"
B,есть,Нижегородская область,Нижний Новгород,подрядчик,Фазенда,ООО Фазенда,+79290380322,+79290380322,https://wa.me/79290380322,+7 (831) 291‒56‒56 / +7‒929‒038‒03‒22,www.fazendann.ru,https://t.me/+79290380322,"Короленко, 27",1.8,5,,"Кровельные работы, Строительство дач и коттеджей, Строительство бань и саун, Ремонт помещений, Ремонт зданий"
B,есть,Нижегородская область,Нижний Новгород,подрядчик,Мостион,ООО Мостион,+79063668808,,https://wa.me/79063668808,+7 (831) 415‒55‒40,mostion.ru,https://t.me/+79063668808,"Кащенко, 4з",5,5,2,"Кровельные работы, Ремонт помещений, Фасадные работы"
B,есть,Нижегородская область,Нижний Новгород,подрядчик,Вершина,ООО Вершина,+79302831121,+79302831121,https://wa.me/79302831121,+7‒930‒283‒11‒21,fasad-vershina.ru,https://t.me/+79302831121,"проспект Ленина, 11",5,4,2,"Кровельные работы, Теплоизоляционные работы, Фасадные работы, Высотные работы"
B,есть,Нижегородская область,Нижний Новгород,подрядчик,Проминвест,ООО Проминвест,+79030531337,+79030531337,https://wa.me/79030531337,+7‒903‒053‒13‒37 / +7 (831) 216‒09‒69 / +7‒920‒257‒69‒07,www.prominvestnn.ru,,"проспект Гагарина, 37Б",5,4,,"Кровельные работы, Ремонт помещений, Фасадные работы, Внутренние системы отопления, водоснабжения, канализации, Высотные работы"
B,есть,Нижегородская область,Нижний Новгород,подрядчик,Верхотура,,+79527728032,+79527728032,https://wa.me/79527728032,+7‒952‒772‒80‒32 / +7‒908‒763‒25‒11,verhoturann.ru,https://t.me/repinivan84,,5,2,4,"Кровельные работы, Фасадные работы, Ремонт помещений, Антикоррозийная обработка металла, Высотные работы"
B,есть,Нижегородская область,Бор,подрядчик,ТвойСтройБор,,+79871108192,+79871108192,https://wa.me/79871108192,+7‒987‒110‒81‒92 / +7‒987‒110‒94‒11,tvoystroybor.ru,,"Подлужная улица, 52а",5,2,4,"Кровельные работы, Строительство бань и саун, Строительство дач и коттеджей, Строительство фундамента"
B,есть,Нижегородская область,Нижний Новгород,подрядчик,Билдэко,,+79334203355,+79334203355,https://wa.me/79334203355,+7‒933‒420‒33‒55,bldco.ru,https://t.me/+79334203355,"Мещерский бульвар, 3 к2",5,1,12,"Кровельные работы, Фасадные работы, Фасадные материалы и конструкции"
B,есть,Нижегородская область,Нижний Новгород,подрядчик,НСК Град,ООО НСК Град,+79534154044,+79534154044,https://wa.me/79534154044,+7 (831) 415‒40‒44 / +7‒953‒415‒40‒44,nsk-grad.ru,,"Сормовское шоссе, 24 к19",5,1,,"Кровельные работы, Ремонт помещений, Земляные работы, Строительство дорог, Системы водоотведения"
B,есть,Нижегородская область,Нижний Новгород,подрядчик,Астра,ООО Астра,+79200239894,+79200239894,https://wa.me/79200239894,+7 (831) 420‒60‒41 / +7‒920‒023‒98‒94,sk-astra.ru,,"улица Шапошникова, 15а",1,1,,"Кровельные работы, Фасадные работы, Фасадные материалы и конструкции"
B,есть,Нижегородская область,Нижний Новгород,подрядчик,Умное решение,ООО Умное решение,+79200133789,+79200133789,https://wa.me/79200133789,+7 (831) 413‒41‒64 / +7‒920‒013‒37‒89,smartroof.ru,,"Дальняя улица, 8",,0,12,"Кровельные работы, Кровельные материалы, Фасадные материалы и конструкции, Фасадные работы, Облицовочный камень"
B,есть,Нижегородская область,Нижний Новгород,подрядчик,Нанофлекс,ООО Нанофлекс,+79524405722,+79524405722,https://wa.me/79524405722,+7‒952‒440‒57‒22 / +7 (831) 418‒58‒22,nanofleks.ru,,"Спортсменский переулок, 12Б",,0,,"Кровельные работы, Теплоизоляционные материалы, Кровельные материалы, Гидроизоляционные материалы, Нетканые и технические материалы"
B,есть,Нижегородская область,Нижний Новгород,подрядчик,Домовой 52,,+79092957997,+79092957997,https://wa.me/79092957997,+7‒909‒295‒79‒97,52krov.ru,https://t.me/domovoy_52,,,0,1,Кровельные работы
B,есть,Нижегородская область,Нижний Новгород,подрядчик,Феникс,,+79108817770,+79108817770,https://wa.me/79108817770,+7‒910‒881‒77‒70,fenix-work2021.ru,,"Тонкинская улица, 5",,0,,"Кровельные работы, Электромонтажные работы, Ремонт помещений, Сварочные работы, Земляные работы"
B,есть,Нижегородская область,Нижний Новгород,подрядчик,Юнибилд,,+79036043536,+79063666528,https://wa.me/79036043536,+7 (831) 414‒28‒48 / +7‒906‒366‒65‒28,юнибилд.рф,https://t.me/+79036043536,"улица Космонавта Комарова, 19",,0,,"Кровельные работы, Теплоизоляционные материалы, Гидроизоляционные материалы, Кровельные материалы, Фасадные материалы и конструкции"
B,есть,Нижегородская область,Нижний Новгород,подрядчик,Грол-НН,,+79290538773,+79290538773,https://wa.me/79290538773,+7‒929‒053‒87‒73 / +7 (831) 423‒87‒73 / +7 (831) 414‒70‒48 / +7‒908‒163‒95‒25,ппу52.рф,,,,0,,"Кровельные работы, Теплоизоляционные работы"
B,есть,Нижегородская область,Нижний Новгород,подрядчик,АСП дом,,+79047905015,+79047905015,https://wa.me/79047905015,+7‒904‒790‒50‒15 / +7 (831) 415‒14‒44,acpdom.ru,https://t.me/acp_dom,"Рождественская улица, 47а",,0,,"Кровельные работы, Строительство дач и коттеджей, Архитектурное проектирование, Строительство фундамента, Ремонт зданий"
B,есть,Нижегородская область,Бор,подрядчик,Салон кровли и фасада,,+79063634455,+79063634455,https://wa.me/79063634455,+7‒906‒363‒44‒55,salonkif.ru,,"улица Пушкина, 97",,0,7,"Кровельные работы, Фасадные материалы и конструкции, Кровельные материалы, Заборы и ограждения"
B,есть,Нижегородская область,Нижний Новгород,подрядчик,СК Рада,ООО СК Рада,+79107902858,+79087217039,https://wa.me/79107902858,+7‒908‒721‒70‒39 / +7 (831) 410‒28‒58,cmd-dom.ru,https://t.me/+79107902858,"улица Ларина, 22в/1",,0,,"Кровельные работы, Строительство дач и коттеджей, Пило- и лесоматериалы"
B,есть,Нижегородская область,Нижний Новгород,подрядчик,Проектстройнн,,+79023020066,+79023020066,https://wa.me/79023020066,+7‒902‒302‒00‒66 / +7 (831) 291‒71‒35,proektstroynn.ru,https://t.me/+79023020066,"проспект Гагарина, 178/1",,0,,"Кровельные работы, Строительство дач и коттеджей, Архитектурное проектирование, Строительство фундамента, Фасадные работы"
B,есть,Нижегородская область,Нижний Новгород,подрядчик,Новострой,ООО Новострой,+79306655285,+79306655285,https://wa.me/79306655285,+7‒930‒665‒52‒85,novostroy.space,,"Суздальская улица, 70Б",,0,4,"Кровельные работы, Строительство дач и коттеджей, Строительство бань и саун, Строительство фундамента"
B,есть,Нижегородская область,Нижний Новгород,подрядчик,Диалтоп,,+79103908000,+79103908000,https://wa.me/79103908000,+7‒910‒390‒80‒00,dialtop.ru,https://t.me/+79103908000,"Электровозная улица, 7г",,0,1,"Кровельные работы, Лаки и краски, Напольные покрытия, Кровельные материалы, Ремонт помещений"
B,есть,Нижегородская область,Нижний Новгород,подрядчик,А-строй,,+79519176054,+79519176054,https://wa.me/79519176054,+7‒951‒917‒60‒54,fasadnnov.ru,,"проспект Ленина, 109",,0,,"Кровельные работы, Фасадные работы, Высотные работы, Ремонт помещений"
B,есть,Нижегородская область,Ждановский,подрядчик,Меридиан,,+79200179415,+79200179415,https://wa.me/79200179415,+7‒920‒017‒94‒15 / +7 (831) 423‒40‒59,кровля52.рф,https://t.me/+79200179415,"Магистральная улица, 8",,0,,"Кровельные работы, Фасадные работы, Ремонт помещений"
B,есть,Нижегородская область,Нижний Новгород,подрядчик,Грандстрой,ООО Грандстрой,+79534153043,+79036027916,https://wa.me/79534153043,+7‒903‒602‒79‒16 / +7‒953‒415‒30‒43 / +7‒950‒340‒37‒06 / +7 (831) 414‒79‒16,строим52.рф,,"Юлиуса Фучика, 6а",,0,,"Кровельные работы, Внутренние системы отопления, водоснабжения, канализации, Наружное отопление, водоснабжение, канализация, Фасадные работы, Ремонт помещений"
B,есть,Нижегородская область,Дзержинск,подрядчик,СкифСтрой,ООО СкифСтрой,+79200085168,+79200085168,https://wa.me/79200085168,+7 (8313) 37‒10‒07 / +7‒920‒008‒51‒68,skif-stroy.com,https://t.me/+79200085168,"проспект Дзержинского, 14а",,0,,"Кровельные работы, Внутренние системы отопления, водоснабжения, канализации, Строительство дач и коттеджей, Ремонт помещений, Фасадные работы"
B,есть,Нижегородская область,Дзержинск,подрядчик,Изба-НН,,+79306676624,+79306676624,https://wa.me/79306676624,+7‒930‒667‒66‒24 / +7‒904‒785‒41‒58 / +7 (831) 415‒41‒58,sk-izba.com,,"проспект Циолковского, 15/2",,0,11,"Кровельные работы, Строительство дач и коттеджей, Строительство бань и саун, Фасадные работы, Свайные работы"
B,есть,Нижегородская область,Дзержинск,подрядчик,ТИМ,ООО ТИМ,+79200427604,+79503527753,https://wa.me/79200427604,+7‒950‒352‒77‒53 / +7 (831) 423‒57‒50 / +7‒920‒042‒76‒04,domaizblokov52.ru,,"Гастелло, 6а",,0,8,"Кровельные работы, Фасадные работы"
B,есть,Нижегородская область,с. Алешково,подрядчик,Древо-Style,ООО Стиль жизни,+79308034302,+79308034302,https://wa.me/79308034302,+7‒930‒803‒43‒02,www.drevo-bg.ru/,,"Новая улица, 35",,0,13,"Кровельные работы, Окна, Строительство дач и коттеджей, Интерьерные лестницы, Товары для отопления, водоснабжения, канализации"
B,есть,Нижегородская область,Арзамас,подрядчик,Технология,,+79506198202,+79200365784,https://wa.me/79506198202,+7‒920‒036‒57‒84 / +7‒950‒619‒82‒02 / +7 (83147) 9‒91‒14,кровля.технология52.рф,,,,0,11,"Кровельные работы, Гидроизоляционные работы"
B,есть,Новосибирская область,,подрядчик,Рыбачий,СНТ Удачное,+79994651611,+79139114065,https://wa.me/79994651611,+7‒913‒911‒40‒65 / +7‒999‒465‒16‒11,rybachi.ru,,,5,1,8,"Кровельные работы, Продажа земельных участков, Строительство дач и коттеджей, Ремонт помещений, Продажа коттеджей"
B,есть,Республика Татарстан,Казань,подрядчик,Arma строй,,+79274905858,+79274905858,https://wa.me/79274905858,+7‒927‒490‒58‒58 / +7‒917‒223‒71‒41,арма-строй.рф,https://t.me/+79274905858,"улица Бутлерова, 21",5,27,2,"Кровельные работы, Строительство дач и коттеджей, Проектирование инженерных систем, Архитектурное проектирование, Фасадные работы"
B,есть,Республика Татарстан,Казань,подрядчик,Продом,,+79600485984,+79600485984,https://wa.me/79600485984,+7‒960‒048‒59‒84 / +7‒917‒900‒72‒19,pro-dom116.ru,,,4.8,21,14,"Кровельные работы, Строительство дач и коттеджей, Архитектурное проектирование, Фасадные работы"
B,есть,Республика Татарстан,Казань,подрядчик,Грейстоун,,+79370067808,,https://wa.me/79370067808,+7 (843) 212‒61‒61,казань.грейстоун.рф,https://t.me/+79370067808,"Михаила Миля, 63Б",4.8,20,,"Кровельные работы, Архитектурное проектирование, Строительство дач и коттеджей, Помощь в оформлении ипотеки, Фасадные работы"
B,есть,Республика Татарстан,Казань,подрядчик,Кедр,ООО Кедр,+79662401954,+79662401954,https://wa.me/79662401954,+7‒966‒240‒19‒54,www.kedrdoma.ru,,"улица Гладилова, 27",4.8,17,,"Кровельные работы, Строительство дач и коттеджей, Строительство бань и саун, Пило- и лесоматериалы, Погонажные изделия"
B,есть,Республика Татарстан,Казань,подрядчик,Киндом,,+79196493313,+79196493313,https://wa.me/79196493313,+7‒919‒649‒33‒13 / +7‒919‒646‒33‒13,kingdom16.ru,https://t.me/+79196493313,"улица Декабристов, 85Б",4.8,16,7,"Кровельные работы, Строительство дач и коттеджей, Архитектурное проектирование, Продажа коттеджей"
B,есть,Республика Татарстан,Казань,подрядчик,Флагман,ООО Флагман,+79172432069,+79172432069,https://wa.me/79172432069,+7 (843) 202‒09‒56 / +7‒917‒243‒20‒69,pokroem.com,https://t.me/+79172432069,"улица Марселя Салимжанова, 2в",5,15,,"Кровельные работы, Гидроизоляционные работы"
B,есть,Республика Татарстан,Казань,подрядчик,Идея,,+79046752853,+79046752853,https://wa.me/79046752853,+7‒904‒675‒28‒53,Идеястроит.рф,https://t.me/+79046752853,"улица Краснококшайская, 189а",4.1,13,,"Кровельные работы, Строительство дач и коттеджей, Строительство фундамента, Архитектурное проектирование"
B,есть,Республика Татарстан,Казань,подрядчик,Nako Строим,,+79093099981,,https://wa.me/79093099981,+7 (843) 212‒66‒23,nakogroup.ru,https://t.me/+79093099981,"улица Ярдем, 3",5,10,,"Кровельные работы, Строительство дач и коттеджей, Строительство бань и саун, Строительство административных зданий, Строительство фундамента"
B,есть,Республика Татарстан,Казань,подрядчик,Новая Высота,ООО Новая Высота,+79033057082,+79033057082,https://wa.me/79033057082,+7‒903‒305‒70‒82 / +7 (843) 212‒03‒37,novv116.ru,,"Адмиралтейская улица, 3 к4",5,8,8,"Кровельные работы, Высотные работы, Фасадные работы, Вывоз снега"
B,есть,Республика Татарстан,Казань,подрядчик,Дома.Рт,,+79600776600,+79600776600,https://wa.me/79600776600,+7‒960‒077‒66‒00,domart.tatar,https://t.me/+79600776600,"проспект Ямашева, 33Б",5,6,2,"Кровельные работы, Строительство дач и коттеджей, Строительство бань и саун, Фасадные работы"
B,есть,Республика Татарстан,Казань,подрядчик,ТехСтрой,ООО ТехСтрой,+79196296337,+79196296337,https://wa.me/79196296337,+7‒919‒629‒63‒37 / +7 (843) 279‒55‒82,texstroi.com,,"улица Журналистов, 52",5,6,,"Кровельные работы, Устройство промышленных и наливных полов, Ремонт помещений"
B,есть,Республика Татарстан,Казань,подрядчик,Тёплый Дом,,+79276770277,+79276770277,https://wa.me/79276770277,+7‒927‒677‒02‒77 / +7‒917‒909‒80‒50 / +7‒906‒326‒28‒43,tepliy-dom116.ru,https://t.me/+79276770277,"улица Родины, 7е",4,5,,"Кровельные работы, Строительство дач и коттеджей, Ремонт помещений, Строительство бань и саун, Фасадные работы"
B,есть,Республика Татарстан,Казань,подрядчик,Седьмое небо,,+79196472929,+79172583444,https://wa.me/79196472929,+7‒917‒258‒34‒44 / +7‒930‒333‒18‒87,sk-7nebo.ru,,"улица Декабристов, 2",5,4,,"Кровельные работы, Строительство дач и коттеджей, Строительство бань и саун, Оформление недвижимости, Фасадные работы"
B,есть,Республика Татарстан,Казань,подрядчик,Волга-Альп,,+79625535098,+79625535098,https://wa.me/79625535098,+7‒962‒553‒50‒98,volga-alp.ru,https://t.me/volga_alp,,4,4,5,"Кровельные работы, Высотные работы, Фасадные работы, Ремонт зданий"
B,есть,Республика Татарстан,Казань,подрядчик,Сайдинг Казань,,+79503188454,+79674619525,https://wa.me/79503188454,+7‒967‒461‒95‒25 / +7‒950‒318‒84‒54,Перейти в Telegram-канал,https://t.me/+79503188454,"Курская улица, 10",5,3,,"Кровельные работы, Стройматериалы, Отделочные материалы, Фасадные материалы и конструкции, Фасадные работы, Кровельные материалы, Системы водоотведения, Заборы и ограждения, Натяжные потолки, Сэндвич-панели"
B,есть,Республика Татарстан,Казань,подрядчик,Ремстройактив,,+79033051704,+79033051704,https://wa.me/79033051704,+7 (843) 296‒33‒57 / +7 (843) 249‒17‒07 / +7‒903‒305‒17‒04,sub-comfort.ru,,,3,2,,"Кровельные работы, Строительство дач и коттеджей, Ремонт помещений, Фасадные работы"
B,есть,Республика Татарстан,Казань,подрядчик,Гратек плюс,,+79375235123,,https://wa.me/79375235123,8‒800‒333‒54‒61,gratech.ru,https://t.me/ppu_basf,"улица Восстания, 100 к266д",5,2,,"Кровельные работы, Теплоизоляционные работы, Гидроизоляционные материалы, Гидроизоляционные работы, Антикоррозийная обработка металла"
B,есть,Республика Татарстан,Казань,подрядчик,Скаткров,ООО Скаткров,+79600451100,+79600451100,https://wa.me/79600451100,+7‒960‒045‒11‒00 / +7‒903‒314‒85‒18,skatkrov.ru,https://t.me/skatkrov_kazan,"проспект Победы, 159",5,1,5,Кровельные работы
B,есть,Республика Татарстан,Казань,подрядчик,Гратодом,,+79872900797,+79872900797,https://wa.me/79872900797,+7‒987‒290‒07‒97,gratobrus.ru,https://t.me/gratodom,"проспект Ямашева, 33Б",5,1,6,"Кровельные работы, Строительство дач и коттеджей, Строительство бань и саун, Фасадные работы, Строительство фундамента"
B,есть,Республика Татарстан,Казань,подрядчик,Счастливый дом,,+79178648469,+79178648469,https://wa.me/79178648469,+7‒917‒864‒84‒69,Перейти в Telegram-канал,,"улица Мира, 7",5,1,5,"Кровельные работы, Строительство дач и коттеджей, Строительство бань и саун"
B,есть,Республика Татарстан,Казань,подрядчик,Roof Development,,+79393726007,,https://wa.me/79393726007,+7 (843) 212‒60‒40,rdkazan.ru,,"проспект Альберта Камалеева, 1",,0,1,"Кровельные работы, Кровельные материалы"
B,есть,Республика Татарстан,Казань,подрядчик,Альянс Ст,ООО Альянс Ст,+79503277536,+79503277536,https://wa.me/79503277536,+7‒950‒327‒75‒36 / +7 (843) 292‒61‒11 / +7‒917‒397‒87‒98,ast-st.ru,,"улица Миславского, 9",,0,13,"Кровельные работы, Теплоизоляционные материалы, Фасадные работы, Гидроизоляционные материалы, Огнезащитная обработка"
B,есть,Республика Татарстан,Казань,подрядчик,Руфмастер,,+79510632888,+79510632888,https://wa.me/79510632888,+7‒951‒063‒28‒88 / +7 (843) 216‒67‒90,roofmaster-kazan.ru/,,,,0,,Кровельные работы
B,есть,Республика Татарстан,Казань,подрядчик,Универсал строй,,+79172857095,+79172857095,https://wa.me/79172857095,+7‒917‒285‒70‒95,yniversalstroi.ru,https://t.me/+79172857095,,,0,,"Кровельные работы, Строительство дач и коттеджей, Строительство фундамента, Строительство бань и саун, Архитектурное проектирование"
B,есть,Ростовская область,пос. Верхнетемерницкий,подрядчик,Юг-кровля,ООО Юг-кровля,+79282705816,,https://wa.me/79282705816,+7 (863) 220‒77‒20,yug-krovlyarostov.ru,https://t.me/+79282705816,"Обсерваторная улица, 42",4.8,24,,"Кровельные работы, Кровельные материалы, Фасадные работы, Фасадные материалы и конструкции, Чердачные лестницы"
B,есть,Ростовская область,Ростов-на-Дону,подрядчик,Тандем,,+79110743258,+79110743258,https://wa.me/79110743258,+7‒911‒074‒32‒58 / +7‒928‒164‒79‒88,montazh-krysha.ru/,https://t.me/+79110743258,"Можайская улица, 40",4.7,13,,"Кровельные работы, Автоматические ворота и шлагбаумы, Фасадные материалы и конструкции, Фасадные работы"
B,есть,Ростовская область,Ростов-на-Дону,подрядчик,Первая Честная Строительная Компания,,+79281864448,+79281864448,https://wa.me/79281864448,+7‒928‒186‒44‒48,пчск.рф,,"Думенко, 3/2",4.8,12,,"Кровельные работы, Строительство дач и коттеджей, Фасадные работы, Строительство фундамента, Ремонт помещений"
B,есть,Ростовская область,Ростов-на-Дону,подрядчик,Ремолл,,+79286000110,+79286000110,https://wa.me/79286000110,+7‒928‒600‒01‒10,remall.design,https://t.me/remall_rnd,"улица Доватора, 156",4.7,8,,"Кровельные работы, Отделочные материалы, Сантехника, Обои, Лаки и краски, Межкомнатные двери, Напольные покрытия, Окна, Стекло и зеркала, Керамическая плитка, Сухие строительные смеси, Гипсокартон, Герметики и клеи, Стеновые панели, Натяжные потолки, Порошковые краски, Замки и скобяные изделия, Оргстекло и поликарбонат, Внутренние системы отопления, водоснабжения, канализации, Погонажные изделия, Перегородки, Крепёж, Керамогранит, Комплектующие для окон, Витражи и мозаика, Малярный инструмент, Входные двери, Комплектующие для дверей, Декоративные отделочные материалы, Стекломагнезитовые листы, Плёнки для стёкол зданий, Огнезащитные материалы, Облицовочный камень, Грязепоглощающие покрытия, Аксессуары для ванных комнат, Укладка напольных покрытий, Резиновые покрытия, Монтаж сантехнического оборудования, Светопрозрачные конструкции, Подвесные потолки, Гидроизоляционные материалы, Теплоизоляционные материалы, Строительство дач и коттеджей, Товары для отопления, водоснабжения, канализации, Фасадные материалы и конструкции, Слесарно-монтажный инструмент, Котельное оборудование, Остекление и отделка балконов, Кровельные материалы, Строительство бань и саун, Оборудование для энергосбережения, Насосное оборудование, Фасадные работы, Газовое оборудование, Проектирование инженерных систем, Прокат оборудования и инструментов, Электротехника, Светотехника, Мебельные фасады, Заборы и ограждения, Ремонт помещений, Электроустановочная продукция, Ремонт зданий, Кабель и провод, Дизайн интерьеров, Ландшафтный дизайн, Ремонт окон"
B,есть,Ростовская область,Ростов-на-Дону,подрядчик,Зодчий дом,,+79613020775,+79613020775,https://wa.me/79613020775,+7‒961‒302‒07‒75,зодчий-дом.рф,https://t.me/+79613020775,"улица Доватора, 148",5,8,,"Кровельные работы, Ремонт помещений, Промышленное строительство, Ремонт зданий, Фасадные работы"
B,есть,Ростовская область,Ростов-на-Дону,подрядчик,Кровля Юга,,+79518484843,,https://wa.me/79518484843,+7 (863) 2‒700‒220,www.krovlya-yuga.ru,https://t.me/+79518484843,"Неклиновская улица, 45а",5,5,,"Кровельные работы, Кровельные материалы, Строительство дач и коттеджей, Тротуарная плитка, Заборы и ограждения"
B,есть,Ростовская область,Ростов-на-Дону,подрядчик,СтройДомСад,,+79185873397,+79185873397,https://wa.me/79185873397,+7‒918‒587‒33‒97 / +7‒918‒505‒90‒13,strojdomsad.clients.site/,,"улица Доватора, 142в",5,4,1,"Кровельные работы, Металлоизделия, Кровельные материалы, Заборы и ограждения, Системы водоотведения"
B,есть,Ростовская область,Ростов-на-Дону,подрядчик,Кровля Ростов,,+79061825114,+79061825114,https://wa.me/79061825114,+7‒906‒182‒51‒14 / +7 (863) 256‒18‒91,кровля-ростов.рф,,"улица 20-я линия, 76",3,3,10,"Кровельные работы, Кровельные материалы"
B,есть,Ростовская область,Ростов-на-Дону,подрядчик,Пенетрон,ООО Дон Гидробетон,+79515267499,+79515267499,https://wa.me/79515267499,+7‒951‒526‒74‒99,гидроизоляция161.рф/,,"улица Малиновского, 216",5,1,11,"Кровельные работы, Гидроизоляционные материалы, Теплоизоляционные материалы, Герметики и клеи, Гидроизоляционные работы"
B,есть,Ростовская область,Аксай,подрядчик,Спецзащита,ООО Спецзащита,+79525695595,+79525695595,https://wa.me/79525695595,+7 (863) 300‒16‒94 / +7 (863) 300‒16‒95 / +7‒952‒569‒55‒95,www.vector-s.ru,,"Новочеркасское шоссе, 16в",1,1,,"Кровельные работы, Устройство промышленных и наливных полов, Антикоррозийная обработка металла, Теплоизоляционные работы, Ремонт зданий"
B,есть,Ростовская область,Ростов-на-Дону,подрядчик,Стройдом,,+79010066555,+79010066555,https://wa.me/79010066555,+7‒901‒006‒65‒55,stroidom-rostov.ru,,"Будённовский проспект, 60",,0,1,"Кровельные работы, Строительство дач и коттеджей, Строительство фундамента"
B,есть,Ростовская область,Ростов-на-Дону,подрядчик,Строительная фирма Галс,ООО Строительная фирма Галс,+79895111472,,https://wa.me/79895111472,+7 (863) 311‒14‒72,sfgals.ru/,,"улица Водников, 7",,0,,"Кровельные работы, Промышленное строительство, Устройство промышленных и наливных полов, Ремонт помещений, Ремонт зданий"
B,есть,Ростовская область,Ростов-на-Дону,подрядчик,Мирман Компани,,+79054535484,+79054535484,https://wa.me/79054535484,+7‒905‒453‒54‒84 / +7‒905‒453‒73‒03,mirmancompany.ru,https://t.me/+79054535484,"Красноармейская улица, 170",,0,2,"Кровельные работы, Устройство промышленных и наливных полов"
B,есть,Ростовская область,Ростов-на-Дону,подрядчик,Deluxe,,+79185549042,+79185549042,https://wa.me/79185549042,+7‒918‒554‒90‒42,xn--b1adduaedwri5lta.xn--p1ai/,https://t.me/+79185549042,"улица Вавилова, 73д",,0,,"Кровельные работы, Кровельные материалы"
B,есть,Ростовская область,Ростов-на-Дону,подрядчик,Кровельщик Дона,,+79614101452,+79614101452,https://wa.me/79614101452,+7‒961‒410‒14‒52,krovelshik-dona.ru,https://t.me/+79614101452,"Портовая улица, 458/52",,0,,"Кровельные работы, Кровельные материалы"
B,есть,Ростовская область,Батайск,подрядчик,Дом под ключ,,+79613011150,+79613011150,https://wa.me/79613011150,+7 (863) 301‒11‒50 / +7‒961‒301‒11‒50,гк-домподключ.рф,,"улица Луначарского, 114",,0,,"Кровельные работы, Фасадные работы, Остекление и отделка балконов, Заборы и ограждения, Тротуарная плитка"
B,есть,Ростовская область,Новочеркасск,подрядчик,Монолит,ИП Кострыкин Г.Ю.,+79381799909,+79381799909,https://wa.me/79381799909,+7‒938‒179‒99‒09,monolit-n-161.ru/,,"улица Генерала А. И. Лебедя, 28а",,0,,"Кровельные работы, Строительство дач и коттеджей, Строительство фундамента, Продажа земельных участков, Ремонт помещений"
B,есть,Ростовская область,Сальск,подрядчик,Кровля Металл,,+79889989041,+79889989041,https://wa.me/79889989041,+7‒988‒998‒90‒41 / +7‒900‒135‒84‒85,krovlya-metall-salsk.ru,https://t.me/+79889989041,,,0,,"Кровельные работы, Сварочные работы, Металлоконструкции для строительства, Оборудование для сельского хозяйства"
B,есть,Самарская область,Самара,подрядчик,Мкн,ООО Мкн,+79272608704,+79272608704,https://wa.me/79272608704,+7 (846) 379‒93‒10 / +7 (846) 990‒87‒04 / +7‒927‒260‒87‒04,www.mk-house.ru,,"5а улица, 8",5,8,,"Кровельные работы, Строительство дач и коттеджей, Заборы и ограждения, Сэндвич-панели"
B,есть,Самарская область,Самара,подрядчик,ДСК63,ООО ДСК63,+79608314950,+79276520031,https://wa.me/79608314950,+7‒927‒652‒00‒31,dsk63.ru,https://t.me/dsk63ru,"Садовая улица, 278",5,7,,"Кровельные работы, Строительство дач и коттеджей, Строительство фундамента, Фасадные работы, Строительство бань и саун"
B,есть,Самарская область,Самара,подрядчик,Сервис по строительству и ремонту,,+79053032266,+79053032266,https://wa.me/79053032266,+7 (846) 245‒84‒66 / +7‒905‒303‒22‒66,кровля163.рф,,"улица Челюскинцев, 12",5,6,,"Кровельные работы, Ремонт помещений, Фасадные работы"
B,есть,Самарская область,Самара,подрядчик,Сск-дом,ООО Сск-дом,+79372033637,+79272960216,https://wa.me/79372033637,+7 (846) 231‒28‒28 / +7 (846) 244‒07‒51 / +7‒927‒296‒02‒16,сск-дом.рф,https://t.me/+79272960216,"Каменная улица, 2",4.7,6,,"Кровельные работы, Фасадные работы, Строительство дач и коттеджей, Строительство бань и саун, Быстровозводимые здания"
B,есть,Самарская область,Самара,подрядчик,Профилен,ООО Профилен,+79270042092,+79270042092,https://wa.me/79270042092,+7‒927‒004‒20‒92 / +7‒917‒143‒32‒33,profilen163.ru,https://t.me/+79270042092,"Алма-Атинская улица, 69",5,6,,"Кровельные работы, Кровельные материалы, Фасадные материалы и конструкции, Фасадные работы, Теплоизоляционные материалы"
B,есть,Самарская область,Самара,подрядчик,Технострой,,+79033035656,+79033018015,https://wa.me/79033035656,+7 (846) 991‒76‒47 / +7‒903‒301‒80‒15,tehnostroydom.ru,https://t.me/+79033035656,"улица Венцека, 53 к1",3.4,5,,"Кровельные работы, Строительство дач и коттеджей, Ремонт помещений, Строительство бань и саун, Фасадные работы"
B,есть,Самарская область,Самара,подрядчик,Волга дом,,+79276910202,+79276920681,https://wa.me/79276910202,+7‒927‒692‒06‒81,волга-дом.рус,https://t.me/+79276920681,"проспект Кирова, 5 лит А",5,4,6,"Кровельные работы, Строительство дач и коттеджей, Строительство бань и саун, Строительство фундамента, Фасадные работы"
B,есть,Самарская область,Самара,подрядчик,Авангард,ООО Авангард,+79277486868,+79370768680,https://wa.me/79277486868,+7‒937‒076‒86‒80,skavangard63.ru,https://t.me/+79277486868,"Аэродромная улица, 45",5,3,6,"Кровельные работы, Ремонт помещений, Электромонтажные работы, Ремонт зданий, Товары для отопления, водоснабжения, канализации"
B,есть,Самарская область,Самара,подрядчик,Фасад,ООО Фасад,+79033000392,+79033000392,https://wa.me/79033000392,+7‒903‒300‒03‒92 / +7 (846) 202‒20‒19,fasad-samara.ru,https://t.me/fasadsamara,"Ново-Вокзальный тупик, 10",5,3,7,"Кровельные работы, Фасадные работы, Фасадные материалы и конструкции, Входные группы, Керамогранит"
B,есть,Самарская область,Самара,подрядчик,Волга-мастер,,+79879897485,+79879897485,https://wa.me/79879897485,+7‒987‒989‒74‒85 / +7‒927‒699‒82‒79 / +7‒927‒263‒73‒00 / +7 (846) 248‒11‒13,domik163.ru,,"улица Гагарина, 40",3,2,8,"Кровельные работы, Строительство дач и коттеджей, Строительство бань и саун, Фасадные работы, Фасадные материалы и конструкции"
B,есть,Самарская область,Самара,подрядчик,Дачный дом 63,,+79083933811,+79083933811,https://wa.me/79083933811,+7‒908‒393‒38‒11 / +7‒987‒953‒28‒77,dachnyi-dom.ru,https://t.me/+79083933811,"улица Академика Павлова, 35",5,2,,"Кровельные работы, Строительство дач и коттеджей, Строительство бань и саун, Быстровозводимые здания"
B,есть,Самарская область,Самара,подрядчик,Mspro ltd,ООО Металиум систем протект,+79879092938,,https://wa.me/79879092938,8‒800‒600‒03‒16,mspro-ltd.ru,https://t.me/+79879092938,"проспект Кирова, 275",4,2,7,"Кровельные работы, Высотные работы, Антикоррозийная обработка металла, Промышленная очистка сооружений, Огнезащитная обработка"
B,есть,Самарская область,Самара,подрядчик,Высота,,+79170111244,+79170111244,https://wa.me/79170111244,+7‒917‒011‒12‒44 / +7‒960‒816‒29‒06,alp63.ru,,,5,1,,"Кровельные работы, Высотные работы, Фасадные работы, Ремонт помещений, Благоустройство улиц"
B,есть,Самарская область,Самара,подрядчик,Кровмастер,,+79272071202,+79272071202,https://wa.me/79272071202,+7 (846) 277‒12‒02 / +7‒927‒207‒12‒02,krovlymaster.ru,,,5,1,,Кровельные работы
B,есть,Самарская область,Самара,подрядчик,Аляска,ООО Аляска,+79270072907,+79270072907,https://wa.me/79270072907,+7‒927‒007‒29‒07 / +7‒939‒750‒07‒07,alyaskastroi.ru,,"улица Авроры, 110 к1",5,1,6,"Кровельные работы, Ремонт помещений, Строительство дач и коттеджей, Строительство бань и саун, Фасадные работы"
B,есть,Самарская область,Самара,подрядчик,Центр современной кровли,,+79270014104,+79270014104,https://wa.me/79270014104,+7 (846) 267‒02‒00 / +7 (846) 267‒03‒00 / +7‒927‒001‒41‒04,www.krovly.ru,https://t.me/+79270014104,"9-я просека 5-я линия, 114",1,1,,"Кровельные работы, Кровельные материалы, Фасадные работы, Фасадные материалы и конструкции, Тротуарная плитка"
B,есть,Самарская область,пос. Подстепновка,подрядчик,ДомаСтроим,,+79874472579,+79874472579,https://wa.me/79874472579,+7‒987‒447‒25‒79,domastroim63.ru,https://t.me/+79874472579,"Стартовая улица, 9а",5,1,3,"Кровельные работы, Ремонт помещений, Строительство дач и коттеджей, Строительство бань и саун, Фасадные работы"
B,есть,Самарская область,Самара,подрядчик,Slom-house,,+79270292777,+79270292777,https://wa.me/79270292777,+7 (846) 990‒88‒78 / +7‒927‒029‒27‒77 / +7‒927‒747‒48‒88,slom-house.ru,,,,0,,"Кровельные работы, Снос зданий, Фасадные работы, Ремонт помещений"
B,есть,Самарская область,Самара,подрядчик,Европейские технологии и строительство,,+79272673742,+79272673742,https://wa.me/79272673742,+7‒927‒267‒37‒42,ets43.ru,,,,0,,"Кровельные работы, Строительство дач и коттеджей, Строительство административных зданий"
B,есть,Самарская область,Самара,подрядчик,Кровля групп,,+79376254118,,https://wa.me/79376254118,+7 (846) 989‒06‒83,samara.krovlyaural.ru,,"проспект Карла Маркса, 192",,0,,"Кровельные работы, Кровельные материалы"
B,есть,Самарская область,Самара,подрядчик,Компания по гидроизоляции крыш и фундамента,,+79376464151,,https://wa.me/79376464151,,gidroizol63.ru,,"Запорожская улица, 29",,0,,"Кровельные работы, Гидроизоляционные работы"
B,есть,Самарская область,Самара,подрядчик,Аспект,ООО Аспект,+79270010167,+79270010167,https://wa.me/79270010167,+7 (846) 248‒02‒80 / +7‒927‒001‒01‒67,aspectsk.ru,https://t.me/+79270010167,"проспект Кирова, 304а",,0,,"Кровельные работы, Строительство дач и коттеджей, Строительство гаражей, Ремонт помещений, Дизайн интерьеров"
B,есть,Самарская область,Самара,подрядчик,Скандинав,,+79178170187,+79178170187,https://wa.me/79178170187,+7‒917‒817‒01‒87 / +7‒927‒602‒15‒60,scandinav63.ru,,"Магистральная улица, 64а",,0,,"Кровельные работы, Строительство дач и коттеджей, Строительство бань и саун, Архитектурное проектирование, Проектирование инженерных систем"
B,есть,Самарская область,Самара,подрядчик,Диана-Самара,,+79276921455,+79276921455,https://wa.me/79276921455,+7‒927‒692‒14‒55,ds163.ru,,"Волжское шоссе, 23",,0,16,"Кровельные работы, Сухие строительные смеси, Теплоизоляционные материалы, Фасадные материалы и конструкции"
B,есть,Ставропольский край,Ставрополь,подрядчик,Основасити,,+79682680180,+79034174187,https://wa.me/79682680180,+7‒903‒417‒41‒87,sk-osnova26.ru/,https://t.me/sk_osnova26,"улица Назара Енина, 2",5,29,,"Кровельные работы, Строительство дач и коттеджей, Строительство бань и саун, Фасадные работы"
B,есть,Ставропольский край,Ставрополь,подрядчик,Альянс-Групп,,+79064709823,,https://wa.me/79064709823,+7 (8652) 98‒88‒18,988818.ru,,"улица Коломийцева, 54",4.9,7,,"Кровельные работы, Кровельные материалы, Металлоизделия, Фасадные материалы и конструкции, Заборы и ограждения"
B,есть,Ставропольский край,Ставрополь,подрядчик,Авангард-СК,ООО Авангард-СК,+79624463146,+79624463146,https://wa.me/79624463146,+7‒962‒446‒31‒46,avangardsk26.ru,,"50 лет ВЛКСМ, 16и",5,7,4,"Кровельные работы, Строительство дач и коттеджей, Ремонт помещений, Дизайн интерьеров, Строительство бань и саун"
B,есть,Ставропольский край,Ставрополь,подрядчик,Ставрополь-Фасад,,+79956065132,+79956065132,https://wa.me/79956065132,+7‒995‒606‒51‒32,stavropol-fasad.ru,https://t.me/+79956065132,"Таганский проезд, 18",5,2,2,"Кровельные работы, Фасадные работы, Кровельные материалы, Заборы и ограждения, Фасадные материалы и конструкции, Тротуарная плитка"
B,есть,Ставропольский край,Михайловск,подрядчик,Михайловский кровельный центр,,+79624465695,+79624465494,https://wa.me/79624465695,+7‒962‒446‒54‒94 / +7‒962‒446‒56‒95,sk-metremstroi.ru,,"улица Гагарина, 25",5,2,12,"Кровельные работы, Металлоконструкции для строительства, Кровельные материалы, Фасадные материалы и конструкции, Быстровозводимые здания"
B,есть,Ставропольский край,Ставрополь,подрядчик,Всероссийское добровольное пожарное общество,,+79018690820,+79018690820,https://wa.me/79018690820,+7‒901‒869‒08‒20,stvdpo.ru,,"улица Балахонова, 30",5,1,,"Кровельные работы, Пожарная безопасность, Противопожарное оборудование, Монтаж охранно-пожарных систем, Охранные системы, Обучение по охране труда, Инжиниринговые услуги, Высотные работы, Гидроизоляционные работы, Проектирование инженерных систем"
B,есть,Ставропольский край,Ставрополь,подрядчик,Реал,ООО Реал,+79624448845,+79624535361,https://wa.me/79624448845,+7‒962‒453‒53‒61 / +7‒962‒444‒88‒45 / +7‒918‒866‒21‒87,реал26.рф,,"улица Пирогова, 15/1",1,1,13,"Кровельные работы, Внутренние системы отопления, водоснабжения, канализации, Фасадные работы, Ремонт зданий"
B,есть,Ставропольский край,Ставрополь,подрядчик,Каркасные дома,ООО Каркасные дома,+79624468161,+79624468161,https://wa.me/79624468161,+7 (8652) 31‒56‒29 / +7‒962‒446‒81‒61,karkassip.ru,,"проспект Кулакова, 8",5,1,15,"Кровельные работы, Строительство дач и коттеджей, Архитектурное проектирование, Фасадные работы, Строительство фундамента"
B,есть,Ставропольский край,Ставрополь,подрядчик,СтройАльп,ООО СтройАльп,+79683347814,+79683347814,https://wa.me/79683347814,+7‒968‒334‒78‒14,www.стройальп26.рф,,"улица Пушкина, 69",,0,11,"Кровельные работы, Строительство дач и коттеджей, Ремонт помещений, Ремонт зданий, Высотные работы"
B,есть,Ставропольский край,х. Вязники,подрядчик,Ecoteplo26,,+79624443099,+79624443099,https://wa.me/79624443099,+7‒962‒444‒30‒99,ecoteplo26.ru,,"Промышленная улица, 2",,0,5,"Кровельные работы, Фасадные работы, Строительство бань и саун, Строительство дач и коттеджей, Строительство фундамента"
B,есть,Волгоградская область,Волгоград,подрядчик,ВолгаСтрой,,,+79956639032,https://wa.me/79956639032,+7‒995‒663‒90‒32,volgostroy.tilda.ws,,"улица Федотова, 2",5,6,,"Кровельные работы, Окна, Остекление и отделка балконов, Заборы и ограждения, Фасадные работы"
B,есть,Волгоградская область,Волгоград,подрядчик,Bolat Group,,,+79616895479,https://wa.me/79616895479,+7‒961‒689‒54‒79,volgograd.zabor-zhaluzi.ru,https://t.me/+79616895479,"Пугачёвская улица, 5д",5,2,,"Кровельные работы, Заборы и ограждения, Кровельные материалы, Металлоконструкции для строительства, Фасадные материалы и конструкции"
B,есть,Волгоградская область,Волгоград,подрядчик,СтройДомТоп,,,+79608866469,https://wa.me/79608866469,+7‒960‒886‒64‒69 / +7 (8442) 61‒29‒34,stroy-dom34.ru,,,5,1,5,"Кровельные работы, Строительство дач и коттеджей, Строительство бань и саун, Строительство гаражей, Заборы и ограждения"
B,есть,Волгоградская область,Волгоград,подрядчик,Компания по выполнению кровельных работ,,,+79610757525,https://wa.me/79610757525,+7‒961‒075‒75‒25,vk.link/remont_krovli_volgograd,,,,0,,Кровельные работы
B,есть,Волгоградская область,Волгоград,подрядчик,КровГид,,,+79921481355,https://wa.me/79921481355,+7‒992‒148‒13‒55,кровгид.рф,,"Бурейская улица, 3д",,0,,"Кровельные работы, Гидроизоляционные работы"
B,есть,Волгоградская область,Волжский,подрядчик,Забор Строй Монтаж,,,+79696556511,https://wa.me/79696556511,+7‒969‒655‒65‒11 / +7 (8443) 32‒90‒88,34stroika.ru,,"улица Пушкина, 89",,0,,"Кровельные работы, Сварочные работы, Металлоконструкции для строительства, Заборы и ограждения, Строительство дач и коттеджей"
B,есть,Волгоградская область,Новоаннинский,подрядчик,Сталь Сервис,,,+79026551122,https://wa.me/79026551122,+7‒902‒655‒11‒22,novoanninskiy.metall-proff.ru,,"Рабочая улица, 239",,0,,"Кровельные работы, Кровельные материалы, Чёрный металлопрокат"
B,есть,Воронежская область,Воронеж,подрядчик,Кровля и забор,,,+79805489555,https://wa.me/79805489555,+7‒980‒548‒95‒55,krovlya-i-zabor.ru,,"Холмистая улица, 50",4.8,18,,"Кровельные работы, Кровельные материалы, Заборы и ограждения, Крепёж, Чёрный металлопрокат"
B,есть,Воронежская область,Воронеж,подрядчик,Kintek,,,+79155463221,https://wa.me/79155463221,+7‒915‒546‒32‒21,Перейти в Telegram-канал,,"Дорожная улица, 15Б",5,2,4,"Кровельные работы, Электромонтажные работы, Охранные системы, Строительство дач и коттеджей"
B,есть,Воронежская область,Борисоглебск,подрядчик,Сталь сервис,,,+79204488811,https://wa.me/79204488811,+7 (47354) 5‒33‒00 / +7‒920‒448‒88‒11 / +7‒952‒544‒29‒29 / 8‒800‒700‒08‒88,metall-proff.ru,,"Матросовская улица, 113а",5,2,,Кровельные работы
B,есть,Воронежская область,Воронеж,подрядчик,Праймстарт,ООО Праймстарт,,+79507707171,https://wa.me/79507707171,+7‒950‒770‒71‒71,primestartvrn.ru,,"Солнечная улица, 19",5,1,,"Кровельные работы, Стройматериалы, Кровельные материалы, Теплоизоляционные материалы, Фасадные материалы и конструкции, Сухие строительные смеси, Пило- и лесоматериалы, Системы водоотведения, Строительство бань и саун, Быстровозводимые здания"
B,есть,Воронежская область,Воронеж,подрядчик,Строительный Мир,,,+79920579700,https://wa.me/79920579700,+7‒992‒057‒97‒00,project20730136.tilda.ws,https://t.me/+79920579700,"улица Маршала Жукова, 9",,0,,Кровельные работы
B,есть,Воронежская область,Воронеж,подрядчик,ТехКров,,,+79527535205,https://wa.me/79527535205,+7‒952‒753‒52‒05 / +7‒920‒416‒16‒97,techkrov.ru,,,,0,5,Кровельные работы
B,есть,Воронежская область,Воронеж,подрядчик,ДмитрийСтрой,,,+79601096909,https://wa.me/79601096909,+7‒960‒109‒69‒09,дмитрий-строй-воронеж.рф,https://t.me/+79601096909,"улица Ворошилова, 45а",,0,11,"Кровельные работы, Ремонт помещений, Заборы и ограждения"
B,есть,Воронежская область,Воронеж,подрядчик,ЭкоДром,ООО ЭкоДром,,+79956209995,https://wa.me/79956209995,+7‒995‒620‒99‒95,ekodrom.ru,,"Базовая улица, 2",,0,10,"Кровельные работы, Строительство дач и коттеджей, Строительство бань и саун"
B,есть,Воронежская область,Воронеж,подрядчик,Монтажная компания,,,+79507659331,https://wa.me/79507659331,+7‒950‒765‒93‒31,www.кровляврн.рф,,"Ростовская улица, 58/7",,0,8,"Кровельные работы, Фасадные работы"
B,есть,Воронежская область,Воронеж,подрядчик,АРС-Строй,,,+79204247011,https://wa.me/79204247011,+7‒920‒424‒70‒11 / +7‒920‒469‒83‒86,stroim-vmeste36.ru,,"Острогожская улица, 170/2",,0,1,"Кровельные работы, Строительство дач и коттеджей"
B,есть,Воронежская область,Россошь,подрядчик,ckrov.ru,,,+79304120020,https://wa.me/79304120020,+7‒930‒412‒00‒20 / +7‒920‒206‒34‒44 / +7‒951‒133‒55‒55,ckrov.ru,,"улица Мира, 168в",,0,,"Кровельные работы, Фасадные материалы и конструкции, Заборы и ограждения"
B,есть,Краснодарский край,Сочи,подрядчик,Оригинал,ООО Оригинал,,+79881564660,https://wa.me/79881564660,+7‒988‒156‒46‒60,original-sk.ru/,https://t.me/ooo_original_sk,"Донская, 90а",5,3,,"Кровельные работы, Строительство дач и коттеджей, Фасадные работы, Ремонт помещений, Светопрозрачные конструкции"
B,есть,Краснодарский край,Сочи,подрядчик,Арт&Дом,,,+79284537806,https://wa.me/79284537806,+7‒928‒453‒78‒06,artdom-stroi.ru,,"улица Гагарина, 76/4",,0,,"Кровельные работы, Строительство дач и коттеджей, Металлическая мебель, Металлоконструкции для строительства, Строительство фундамента"
B,есть,Краснодарский край,Сочи,подрядчик,Профи-Строй,,,+79189072229,https://wa.me/79189072229,+7‒918‒907‒22‒29,profi-stroj.ru,,"шоссе Барановское, 10в",,0,14,"Кровельные работы, Фасадные работы, Строительство дач и коттеджей, Ремонт помещений, Строительные блоки"
B,есть,Нижегородская область,Нижний Новгород,подрядчик,Stroy system,,,+79108752508,https://wa.me/79108752508,+7‒910‒875‒25‒08 / +7‒952‒781‒15‒10,ssystem52.ru,https://t.me/ssystem52,"Волжская набережная, 8 к1",5,1,,"Кровельные работы, Фасадные работы, Сухие строительные смеси, Звукоизоляционные материалы"
B,есть,Нижегородская область,Нижний Новгород,подрядчик,Вертикаль НН,,,+79107904804,https://wa.me/79107904804,+7 (831) 272‒36‒68 / +7‒910‒790‒48‒04 / +7‒910‒790‒02‒83,вертикаль-нн.рф,,"Спортсменский переулок, 12а",,0,,"Кровельные работы, Антикоррозийная обработка металла, Высотные работы, Фасадные работы"
B,есть,Нижегородская область,Нижний Новгород,подрядчик,Tpo&Epdm,,,+79917501580,https://wa.me/79917501580,+7‒991‒750‒15‒80,tpoepdm.ru,,"площадь Максима Горького, 6",,0,,"Кровельные работы, Кровельные материалы, Ландшафтный дизайн"
B,есть,Нижегородская область,Нижний Новгород,подрядчик,Строй Забор,,,+79040456364,https://wa.me/79040456364,+7‒904‒045‒63‒64 / +7 (831) 291‒64‒23,montag-zaborov.ru,,,,0,11,"Кровельные работы, Заборы и ограждения, Строительство фундамента, Металлоконструкции для строительства, Ландшафтный дизайн"
B,есть,Нижегородская область,Нижний Новгород,подрядчик,Демстройремонт,,,+79100077775,https://wa.me/79100077775,+7‒910‒007‒77‒75,демстройремонт.рф,,"улица Саврасова, 8",,0,,"Кровельные работы, Строительство дач и коттеджей, Строительство фундамента, Строительство бань и саун"
B,есть,Нижегородская область,Нижний Новгород,подрядчик,Капремстрой,ООО Капремстрой,,+79202506479,https://wa.me/79202506479,+7‒920‒250‒64‒79,nnkapital.ru,,"Алексеевская улица, 26",,0,,"Кровельные работы, Строительство административных зданий, Фасадные работы, Проектирование инженерных систем, Электромонтажные работы"
B,есть,Нижегородская область,Нижний Новгород,подрядчик,ИГМ,,,+79103965935,https://wa.me/79103965935,+7‒910‒396‒59‒35,stk-igm.ru,,"проспект Гагарина, 178/1",,0,1,"Кровельные работы, Строительство фундамента, Ремонт помещений, Ремонт зданий, Фасадные работы"
B,есть,Нижегородская область,Нижний Новгород,подрядчик,Авангард-РС,ООО Авангард-РС,,+79200485255,https://wa.me/79200485255,+7 (831) 273‒58‒44 / +7‒920‒048‒52‒55,www.avangard-rs.ru,,"КИМа, 297а",,0,16,"Кровельные работы, Огнезащитная обработка, Фасадные работы, Ремонт помещений, Быстровозводимые здания"
B,есть,Нижегородская область,Дзержинск,подрядчик,ГК Эталон,ООО ГК Эталон,,+79092906898,https://wa.me/79092906898,+7‒909‒290‒68‒98,гидроизоляция52.рф,,"улица Рудольфа Удриса, 11",,0,,"Кровельные работы, Строительство фундамента, Гидроизоляционные работы, Электромонтажные работы, Заборы и ограждения"
B,есть,Нижегородская область,Арзамас,подрядчик,Grand line,,,+79200242464,https://wa.me/79200242464,+7‒920‒024‒24‒64,grandline.ru,https://t.me/+79200646454,"улица Калинина, 2в",,0,3,"Кровельные работы, Стройматериалы, Кровельные материалы, Системы водоотведения"
B,есть,Республика Татарстан,Казань,подрядчик,Туйчин,,,+79600661233,https://wa.me/79600661233,+7‒960‒066‒12‒33,tuichin.ru,,"Техническая улица, 41а",5,16,0,"Кровельные работы, Строительство дач и коттеджей, Строительство фундамента, Благоустройство улиц"
B,есть,Республика Татарстан,Казань,подрядчик,Эни-Дом,,,+79870083642,https://wa.me/79870083642,+7‒987‒008‒36‒42,Перейти в Telegram-канал,https://t.me/anydom116_info_bot,,5,9,,"Кровельные работы, Строительство дач и коттеджей, Ремонт зданий, Ремонт помещений, Локальные очистные сооружения"
B,есть,Республика Татарстан,Казань,подрядчик,КазДомСтрой,ООО КазДомСтрой,,+79872975733,https://wa.me/79872975733,+7 (843) 236‒90‒78 / +7 (843) 297‒70‒33 / +7‒987‒297‒57‒33,kazdomstroy.ru,,"улица Вишневского, 24",5,4,,"Кровельные работы, Строительство административных зданий, Фасадные работы, Строительство дач и коттеджей, Ремонт зданий"
B,есть,Республика Татарстан,Казань,подрядчик,Верховик,,,+79600350357,https://wa.me/79600350357,+7‒960‒035‒03‒57 / +7‒914‒538‒11‒83,verkhovikazani.ru,https://t.me/+79145381183,,,0,,"Кровельные работы, Благоустройство улиц"
B,есть,Республика Татарстан,Казань,подрядчик,Татальп,,,+79625595853,https://wa.me/79625595853,+7‒962‒559‒58‒53 / +7 (843) 259‒58‒53,tatalp.ru,,,,0,11,"Кровельные работы, Металлоконструкции для строительства, Фасадные работы, Высотные работы, Антикоррозийная обработка металла"
B,есть,Республика Татарстан,Казань,подрядчик,Амиритстрой,,,+79869196797,https://wa.me/79869196797,+7‒986‒919‒67‒97,Amiritstroi.ru,,"улица Галиаскара Камала, 41",,0,,"Кровельные работы, Строительство дач и коттеджей, Строительство бань и саун, Буровые работы, Электромонтажные работы"
B,есть,Республика Татарстан,Казань,подрядчик,Издревстрой,,,+79872301350,https://wa.me/79872301350,+7 (843) 297‒51‒96 / +7‒987‒230‒13‒50,izdrevstroy.ru,,"1-я Азинская улица, 41",,0,0,"Кровельные работы, Строительство дач и коттеджей, Ремонт помещений, Строительство фундамента"
B,есть,Республика Татарстан,Зеленодольск,подрядчик,КровляКазань,,,+79625566790,https://wa.me/79625566790,+7 (843) 216‒67‒90 / +7‒962‒556‒67‒90,казань-кровля.рф,,,,0,7,"Кровельные работы, Кровельные материалы, Гидроизоляционные материалы, Ландшафтный дизайн"
B,есть,Ростовская область,Ростов-на-Дону,подрядчик,Строительный Бутик,,,+79281151112,https://wa.me/79281151112,+7 (863) 425‒88‒66 / +7‒928‒115‒11‒12,stroybutik-metallprofil.ru,,"Каширская улица, 5",3.7,3,,"Кровельные работы, Кровельные материалы, Фасадные материалы и конструкции, Фасадные работы, Заборы и ограждения"
B,есть,Ростовская область,Ростов-на-Дону,подрядчик,Эстетик Групп,ООО Эстетик Групп,,+79515241100,https://wa.me/79515241100,+7‒951‒524‒11‒00,estetik-grupp.tilda.ws,,"улица Мечникова, 114",,0,,"Кровельные работы, Фасадные работы, Высотные работы, Гидроизоляционные работы"
B,есть,Ростовская область,Ростов-на-Дону,подрядчик,Ростов кровля,ООО Ростов кровля,,+79381048015,https://wa.me/79381048015,+7 (863) 226‒89‒01 / +7 (863) 226‒89‒03 / +7‒938‒104‒80‒15,www.rostov-krovlya.ru,,"Каскадная улица, 186",,0,,"Кровельные работы, Кровельные материалы, Чердачные лестницы, Окна, Пило- и лесоматериалы"
B,есть,Ростовская область,Батайск,подрядчик,Dm,,,+79185553957,https://wa.me/79185553957,+7‒918‒555‒39‒57,www.61стройдом.рф,,"улица Балашова, 51",,0,9,"Кровельные работы, Ремонт помещений, Строительство дач и коттеджей, Строительство гаражей, Ремонт зданий"
B,есть,Ростовская область,Азов,подрядчик,Мастер Кров,,,+79185609931,https://wa.me/79185609931,+7‒918‒560‒99‒31,master-krov.ru,,"улица Макаровского, 42",,0,5,"Кровельные работы, Ремонт помещений"
B,есть,Ростовская область,Новочеркасск,подрядчик,Кровельная компания,,,+79525833344,https://wa.me/79525833344,+7‒952‒583‒33‒44,stroikrovli.ru,,,,0,9,Кровельные работы
B,есть,Ростовская область,Миллерово,подрядчик,Строительная компания,,,+79054853032,https://wa.me/79054853032,+7‒905‒485‒30‒32,krovlya-millerovo.ru,,"Карьерный переулок, 4",,0,,"Кровельные работы, Строительство дач и коттеджей, Кровельные материалы"
B,есть,Самарская область,Самара,подрядчик,Строй Дом,,,+79397077088,https://wa.me/79397077088,+7‒939‒707‒70‒88 / +7‒965‒808‒07‒77 / +7‒902‒374‒00‒25,samara.stroitelstvo-domov-pod-klyuch.ru,https://t.me/+79397077088,"Советская улица, 43",4.2,10,,"Кровельные работы, Строительство дач и коттеджей, Ремонт помещений, Промышленное строительство, Фасадные работы"
B,есть,Самарская область,Самара,подрядчик,Ладар,,,+79272900119,https://wa.me/79272900119,+7‒927‒290‒01‒19,кровляпвх.рф,https://t.me/+79272900119,"улица Урицкого, 19",5,2,,Кровельные работы
B,есть,Самарская область,Самара,подрядчик,Альпинистский сервис пик,ООО Альпинистский сервис пик,,+79053026150,https://wa.me/79053026150,+7‒905‒302‒61‒50 / +7 (846) 221‒72‒63,www.alpservis-pik.ru,,"Силовая улица, 11",5,2,,"Кровельные работы, Высотные работы, Фасадные работы, Антикоррозийная обработка металла, Огнезащитная обработка"
B,есть,Самарская область,Самара,подрядчик,Вико,ООО Вико,,+79053000247,https://wa.me/79053000247,+7‒905‒300‒02‒47,viko-stroysmr.ru,,"Ново-Садовая улица, 44",5,1,12,"Кровельные работы, Фасадные работы, Строительство дач и коттеджей, Строительство фундамента"
B,есть,Самарская область,Самара,подрядчик,Водосток 63,,,+79613877496,https://wa.me/79613877496,+7‒961‒387‒74‒96 / +7‒917‒145‒74‒90,vodostok63.ru,,"проспект Карла Маркса, 192",5,1,1,"Кровельные работы, Системы водоотведения, Кровельные материалы, Сухие строительные смеси"
B,есть,Самарская область,Самара,подрядчик,Дом Плюс,,,+79171640564,https://wa.me/79171640564,+7‒917‒164‒05‒64 / +7‒927‒007‒35‒05,domplus24.ru,https://t.me/+79270073505,"улица Антонова-Овсеенко, 44а",5,1,11,"Кровельные работы, Ремонт помещений, Строительство дач и коттеджей, Ремонт зданий, Фасадные работы"
B,есть,Самарская область,Самара,подрядчик,РСК Средняя Волга,ООО РСК Средняя Волга,,+79272603202,https://wa.me/79272603202,+7‒927‒260‒32‒02 / +7 (846) 990‒32‒02 / +7 (846) 222‒72‒54 / +7‒927‒263‒66‒42,rsk-sv.ru,,"улица Фрунзе, 70",,0,,"Кровельные работы, Антикоррозийная обработка металла, Фасадные работы, Высотные работы"
B,есть,Самарская область,Самара,подрядчик,Nippon ace,,,+79376566556,https://wa.me/79376566556,+7‒937‒656‒65‒56,nipponace.ru,https://t.me/+79376566556,,,0,4,"Кровельные работы, Гидроизоляционные материалы, Кровельные материалы, Герметики и клеи, Гидроизоляционные работы"
B,есть,Самарская область,Самара,подрядчик,Надёжный дом,ООО Надёжный дом,,+79934621529,https://wa.me/79934621529,+7‒993‒462‒15‒29,ck-63.ru,https://t.me/+79934621529,"Садовая улица, 239",,0,12,"Кровельные работы, Строительство дач и коттеджей, Ремонт помещений, Ремонт зданий, Строительство административных зданий"
B,есть,Самарская область,Самара,подрядчик,Кайзер Строй,,,+79966255350,https://wa.me/79966255350,+7‒996‒625‒53‒50,kaiserstroi.ru,,,,0,,Кровельные работы
B,есть,Самарская область,Самара,подрядчик,Элиткров,,,+79376502078,https://wa.me/79376502078,+7‒937‒650‒20‒78,elitekrov63.ru,,,,0,6,"Кровельные работы, Строительство дач и коттеджей"
B,есть,Самарская область,Самара,подрядчик,Коттедж-стройколор,,,+79170361888,https://wa.me/79170361888,+7‒917‒036‒18‒88,коттеджстройколор.рф,,"Ветлужский переулок, 3",,0,,"Кровельные работы, Строительство дач и коттеджей, Фасадные работы"
B,есть,Самарская область,Самара,подрядчик,ЭлитМастерс,,,+79956641635,https://wa.me/79956641635,+7‒995‒664‒16‒35,elit-naves.ru,,"улица Советской Армии, 1а",,0,,"Кровельные работы, Металлоконструкции для строительства, Сварочные работы"
B,есть,Самарская область,Самара,подрядчик,Dream House,,,+79278910080,https://wa.me/79278910080,+7‒927‒891‒00‒80,www.dreamhouse63.ru,,"9-я просека 5-я линия, 114",,0,1,"Кровельные работы, Строительство дач и коттеджей, Строительство бань и саун, Заборы и ограждения, Строительство фундамента"
B,есть,Самарская область,Самара,подрядчик,Стройград,,,+79272037373,https://wa.me/79272037373,+7‒927‒203‒73‒73 / +7 (846) 990‒73‒67 / +7‒927‒260‒73‒67,Перейти в Telegram-канал,,"проспект Кирова, 5",,0,,"Кровельные работы, Фасадные работы, Сварочные работы, Аренда спецтехники, Электромонтажные работы"
B,есть,Ставропольский край,Ставрополь,подрядчик,Югкомсервис,ООО Югкомсервис,,+79283020074,https://wa.me/79283020074,+7‒928‒302‒00‒74,metalltorg.tb.ru,,"переулок Буйнакского, 39",,0,1,"Кровельные работы, Товары для отопления, водоснабжения, канализации, Кровельные материалы, Чёрный металлопрокат"
B,есть,Ставропольский край,Изобильный,подрядчик,Памир,,,+79620239006,https://wa.me/79620239006,+7‒962‒023‒90‒06 / +7‒918‒802‒61‒11,kanadskyi-dom.ru,,,,0,,"Кровельные работы, Кровельные материалы, Фасадные работы, Фасадные материалы и конструкции"
B,есть,Ставропольский край,Изобильный,подрядчик,Памир,,,+79188026111,https://wa.me/79188026111,+7‒918‒802‒61‒11 / +7‒962‒023‒90‒06,kanadskyi-dom.ru,,"улица Кирова, 1",,0,,"Кровельные работы, Кровельные материалы, Фасадные работы, Фасадные материалы и конструкции"
C,есть,Воронежская область,Воронеж,подрядчик,Мастер дом 36,,+79529582116,+79601392066,https://wa.me/79529582116,+7 (473) 262‒22‒28 / +7 (473) 258‒45‒57 / +7‒960‒139‒20‒66,мастер-дом36.рф,https://t.me/mdom136,"Московский проспект, 36",5,162,12,"Кровельные работы, Строительство бань и саун, Строительство дач и коттеджей, Фасадные работы"
C,есть,Нижегородская область,Нижний Новгород,подрядчик,Строительная компания Древо,ООО Строительная компания Древо,+79527836469,,https://wa.me/79527836469,+7 (831) 231‒04‒45,skdrevo.ru,https://t.me/stroykinapeterku,"улица Максима Горького, 195",4.9,76,10,"Кровельные работы, Строительство дач и коттеджей, Строительство бань и саун, Ремонт помещений, Электромонтажные работы"
C,есть,Республика Татарстан,Казань,подрядчик,Строим дом мечты,ООО Строим дом мечты,+79872988695,,https://wa.me/79872988695,+7 (843) 211‒63‒03,sdmkarkas.ru,https://t.me/+79872988695,"улица Сибгата Хакима, 50",5,170,9,"Кровельные работы, Строительство дач и коттеджей, Строительство бань и саун, Строительство гаражей, Пило- и лесоматериалы"
C,есть,Республика Татарстан,Казань,подрядчик,Арлана,,+79662505255,+79662505255,https://wa.me/79662505255,+7‒966‒250‒52‒55,арлана.рф,https://t.me/+79662505255,"улица Николая Столбова, 2",5,39,3,"Кровельные работы, Строительство дач и коттеджей, Фасадные работы"
C,есть,Республика Татарстан,Казань,подрядчик,ТермоХаус,ООО ТермоДом,+79600806086,,https://wa.me/79600806086,8‒800‒707‒18‒66 / +7 (843) 216‒75‒40,www.tmhs.ru,https://t.me/+79600806086,"2-я Азинская улица, 35",5,35,9,"Кровельные работы, Строительство дач и коттеджей, Строительство фундамента, Металлоконструкции для строительства, Строительство бань и саун"
C,есть,Республика Татарстан,Казань,подрядчик,Вавилон Групп,,+79050206060,+79050206060,https://wa.me/79050206060,+7‒905‒020‒60‒60,vavilonkazan.ru,https://t.me/vavilonkazan,"улица Баки Урманче, 7",4.9,31,2,"Кровельные работы, Строительство дач и коттеджей, Ремонт помещений, Строительство бань и саун, Фасадные работы"
C,есть,Ростовская область,Ростов-на-Дону,подрядчик,Мирай,,+79526008000,+79526008000,https://wa.me/79526008000,+7‒952‒600‒80‒00 / +7‒952‒603‒52‒52,www.mirai161.ru/,https://t.me/+79526008000,"проспект Космонавтов, 8/2",4.9,39,,"Кровельные работы, Строительство дач и коттеджей, Ремонт помещений, Фасадные работы, Архитектурное проектирование"
C,есть,Самарская область,Самара,подрядчик,Вектра,ООО Вектра,+79270168963,,https://wa.me/79270168963,8‒800‒700‒47‒23 / 8‒800‒533‒94‒80,vektragroup.ru,,"5-я просека, 110е",4.5,185,18,"Кровельные работы, Стройматериалы, Сэндвич-панели, Кровельные материалы, Фасадные материалы и конструкции, Теплоизоляционные материалы, Крепёж, Фасадные работы, Металлоконструкции для строительства, Быстровозводимые здания, Строительство сельхозсооружений, Строительство спортивных сооружений, Строительство гаражей, Наружное отопление, водоснабжение, канализация, Строительство АЗС, Строительство административных зданий, Промышленное строительство, Устройство промышленных и наливных полов, Электроизоляционные материалы"
C,есть,Нижегородская область,Нижний Новгород,подрядчик,Солнечный терем,,,+79307088833,https://wa.me/79307088833,+7 (831) 260‒15‒72 / +7‒930‒708‒88‒33,sterem.ru,,,5,38,,"Кровельные работы, Строительство бань и саун, Строительство дач и коттеджей"
C,есть,Республика Татарстан,Казань,подрядчик,Brickwood,,,+79659921616,https://wa.me/79659921616,+7‒965‒992‒16‒16,brkwood.ru/,,,4.5,108,,"Кровельные работы, Строительство дач и коттеджей, Строительство бань и саун, Фасадные работы, Ремонт помещений"
A,🟢 нет,Волгоградская область,Волгоград,торговля?,Денкор Строй,,+79616668506,+79616884735,https://wa.me/79616668506,+7‒961‒688‒47‒35 / +7‒961‒666‒85‒06,,,"улица Карла Маркса, 27",4.6,55,,"Кровельные работы, Стройматериалы, Окна, Остекление и отделка балконов, Заборы и ограждения, Кровельные материалы, Строительство дач и коттеджей, Фасадные работы, Фасадные материалы и конструкции, Ремонт помещений"
A,🟢 нет,Волгоградская область,Волгоград,торговля?,Производственно-монтажная компания,,+79876479413,+79876479413,https://wa.me/79876479413,+7‒987‒647‒94‒13,,,"улица Неждановой, 2а/2",5,2,,"Кровельные работы, Кровельные материалы, Заборы и ограждения, Металлоизделия, Фасадные работы"
A,🟢 нет,Волгоградская область,Волжский,торговля?,Смарт кровля,,+79616894408,+79616894408,https://wa.me/79616894408,+7‒961‒689‒44‒08 / +7 (8443) 20‒46‒56,,,"улица Горького, 41р",3,2,,"Кровельные работы, Кровельные материалы, Фасадные материалы и конструкции, Фасадные работы, Заборы и ограждения"
A,🟢 нет,Волгоградская область,Волжский,торговля?,Все для кровли и фасада,,+79050625295,+79770641710,https://wa.me/79050625295,+7‒977‒064‒17‒10 / +7‒904‒775‒38‒67 / +7‒905‒062‒52‒95,,https://t.me/+79770641710,"улица Пушкина, 105д/1",5,1,,"Кровельные работы, Фасадные материалы и конструкции, Кровельные материалы, Фасадные работы"
A,🟢 нет,Волгоградская область,Волгоград,торговля?,Евробилд,ООО Евробилд,+79377189444,+79377189444,https://wa.me/79377189444,+7‒937‒718‒94‒44 / +7‒960‒878‒45‒50,,,"улица Тимирязева, 9а",,0,9,"Кровельные работы, Реставрация исторических памятников, Фасадные материалы и конструкции, Керамогранит, Кровельные материалы"
A,🟢 нет,Волгоградская область,Волгоград,торговля?,Кв Плюс,,+79177256000,+79177256000,https://wa.me/79177256000,+7‒917‒725‒60‒00 / +7‒937‒560‒98‒98,,,"Университетский проспект, 46",,0,,"Кровельные работы, Автоматические ворота и шлагбаумы, Тёплые полы, Печи и камины для помещений, Кованые изделия, Строительство дач и коттеджей, Строительство бань и саун, Ремонт помещений, Электромонтажные работы, Заборы и ограждения, Внутренние системы отопления, водоснабжения, канализации, Строительство фундамента, Фасадные работы, Мебель на заказ"
A,🟢 нет,Волгоградская область,Волжский,торговля?,Строй-контент,ООО Строй-контент,+79275007423,+79275007423,https://wa.me/79275007423,+7‒927‒500‒74‒23 / +7‒927‒515‒24‒39,,,"улица Горького, 102",,0,,"Кровельные работы, Кровельные материалы, Гидроизоляционные материалы, Огнезащитные материалы, Упаковочные материалы"
A,🟢 нет,Воронежская область,Воронеж,торговля?,Лидер+,,+79518656176,+79518656176,https://wa.me/79518656176,+7 (473) 223‒38‒44 / +7‒951‒865‒61‒76,,,"Ленинский проспект, 172",5,1,,"Кровельные работы, Лаки и краски, Кровельные материалы, Отделочные материалы, Гидроизоляционные работы, Сухие строительные смеси, Стеновые панели"
A,🟢 нет,Воронежская область,Воронеж,торговля?,Тм,,+79081483280,+79081483280,https://wa.me/79081483280,+7‒908‒148‒32‒80,,,"улица Грамши, 64",1,1,,"Кровельные работы, Окна, Ремонт помещений, Монтаж сантехнического оборудования, Строительство фундамента"
A,🟢 нет,Воронежская область,Воронеж,торговля?,Гидрокор,,+79003016193,+79003016193,https://wa.me/79003016193,+7‒900‒301‒61‒93 / +7 (473) 251‒60‒25,,,"Волгоградская улица, 30",,0,13,"Кровельные работы, Гидроизоляционные материалы, Кровельные материалы, Герметики и клеи, Сухие строительные смеси"
A,🟢 нет,Воронежская область,Воронеж,торговля?,Кров-комплект,,+79507782928,+79507782928,https://wa.me/79507782928,+7‒950‒778‒29‒28,,,"Волгоградская улица, 30",,0,10,"Кровельные работы, Кровельные материалы, Фасадные материалы и конструкции, Строительство дач и коттеджей"
A,🟢 нет,Воронежская область,Воронеж,торговля?,Донворот,,+79065859594,,https://wa.me/79065859594,,,,"улица Землячки, 21",,0,,"Кровельные работы, Автоматические ворота и шлагбаумы, Автоматические двери, Заборы и ограждения, Охранные системы"
A,🟢 нет,Краснодарский край,Сочи,торговля?,Protan,,+79049700036,+79049700036,https://wa.me/79049700036,+7‒904‒970‒00‒36,,https://t.me/+79049700036,"Краснодонская улица, 40",,0,,"Кровельные работы, Кровельные материалы"
A,🟢 нет,Краснодарский край,Сочи,торговля?,Кровляэксперт,,+79282162411,+79287541000,https://wa.me/79282162411,+7‒928‒754‒10‒00 / +7‒928‒216‒24‒11,,,"Чекменёва, 30а",,0,5,"Кровельные работы, Кровельные материалы, Фасадные материалы и конструкции, Фасадные работы, Пило- и лесоматериалы"
A,🟢 нет,Нижегородская область,Нижний Новгород,торговля?,Неоруф,ООО Неоруф,+79524551614,+79524551614,https://wa.me/79524551614,+7‒952‒455‒16‒14,,,"Новая улица, 59",4.5,4,4,"Кровельные работы, Кровельные материалы"
A,🟢 нет,Нижегородская область,Дзержинск,торговля?,Дзержинский центр кровли,,+79200109860,+79030432670,https://wa.me/79200109860,+7 (8313) 34‒53‒02 / +7 (8313) 26‒76‒98 / +7‒903‒043‒26‒70 / +7‒920‒010‒98‒60,,https://t.me/+79200109860,"проспект Чкалова, 2",5,1,,"Кровельные работы, Кровельные материалы, Фасадные материалы и конструкции, Гидроизоляционные материалы, Теплоизоляционные материалы"
A,🟢 нет,Нижегородская область,Нижний Новгород,торговля?,Югус-НН,ООО Югус-НН,+79519035252,+79202536232,https://wa.me/79519035252,+7 (831) 296‒25‒88 / +7‒920‒253‒62‒32,,,"Деловая улица, 1",,0,,"Кровельные работы, Стройматериалы, Строительство бань и саун, Строительство дач и коттеджей, Кровельные материалы, Теплоизоляционные материалы, Гидроизоляционные работы"
A,🟢 нет,Нижегородская область,Нижний Новгород,торговля?,Талер,ООО Талер,+79107949057,+79107949057,https://wa.me/79107949057,+7‒910‒794‒90‒57,,,"Украинская улица, 5",,0,,"Кровельные работы, Деревянная тара, Кровельные материалы, Фасадные материалы и конструкции, Фасадные работы"
A,🟢 нет,Нижегородская область,Бор,торговля?,Экохимстрой,ООО Экохимстрой,+79036042354,+79036042354,https://wa.me/79036042354,+7‒903‒604‒23‒54,,,,,0,,"Кровельные работы, Строительные блоки, Ремонт помещений"
A,🟢 нет,Нижегородская область,Нижний Новгород,торговля?,Ирга,,+79023041695,+79023041695,https://wa.me/79023041695,+7 (831) 423‒65‒75 / +7‒902‒304‒16‒95,,,"Лунская улица, 53",,0,,"Кровельные работы, Окна, Строительство дач и коттеджей, Фасадные работы"
A,🟢 нет,Нижегородская область,Дзержинск,торговля?,Кровля Плюс,ООО Кровля Плюс,+79200190466,+79200360060,https://wa.me/79200190466,+7‒920‒036‒00‒60 / +7‒920‒019‒04‒66,,,,,0,8,"Кровельные работы, Кровельные материалы, Строительство бань и саун, Строительство дач и коттеджей"
A,🟢 нет,Нижегородская область,Дзержинск,торговля?,Арис,,+79036055733,,https://wa.me/79036055733,,,,"Красноармейская улица, 17а",,0,,"Кровельные работы, Архитектурное проектирование, Ремонт помещений, Внутренние системы отопления, водоснабжения, канализации, Экспертиза зданий и сооружений"
A,🟢 нет,Нижегородская область,Арзамас,торговля?,Стройград,,+79101076259,+79101076259,https://wa.me/79101076259,+7‒910‒107‒62‒59 / +7‒986‒762‒68‒30,,,"улица Калинина, 58",,0,,"Кровельные работы, Фасадные материалы и конструкции, Кровельные материалы, Фасадные работы, Гидроизоляционные материалы"
A,🟢 нет,Республика Татарстан,Казань,торговля?,Кровля всем,,+79272494120,+79272494120,https://wa.me/79272494120,+7‒927‒249‒41‒20 / +7 (843) 247‒47‒55 / +7‒927‒677‒33‒08 / +7‒906‒325‒02‒97,,,,1,1,9,"Кровельные работы, Кровельные материалы, Заборы и ограждения, Металлоконструкции для строительства, Автоматические ворота и шлагбаумы"
A,🟢 нет,Республика Татарстан,Казань,торговля?,Скиф,ООО Скиф,+79872979101,+79872979101,https://wa.me/79872979101,+7‒987‒297‒91‒01,,https://t.me/skifandrei,"улица Короленко, 120 к18",,0,10,"Кровельные работы, Стройматериалы, Кровельные материалы, Фасадные материалы и конструкции, Теплоизоляционные материалы, Гидроизоляционные материалы, Системы водоотведения, Светопрозрачные конструкции, Теплицы, Напольные покрытия, Окна, Фасадные работы, Оргстекло и поликарбонат, Крепёж, Пило- и лесоматериалы, Комплектующие для окон, Укладка напольных покрытий, Лазерная резка неметаллов, Гравировка, Звукоизоляционные материалы, Звукоизоляционные работы, Электромонтажные работы"
A,🟢 нет,Республика Татарстан,Казань,торговля?,Фидэм,,+79600487748,+79600487748,https://wa.me/79600487748,+7‒960‒048‒77‒48 / +7‒960‒045‒70‒07,,https://t.me/+79600487748,"улица Ватутина, 20",,0,9,"Кровельные работы, Стройматериалы, Кровельные материалы, Теплоизоляционные материалы, Фасадные работы, Заборы и ограждения"
A,🟢 нет,Республика Татарстан,Казань,торговля?,Теплый дом,,+79046601973,+79046601973,https://wa.me/79046601973,+7 (843) 2‒672‒682 / +7‒904‒660‒19‒73,,https://t.me/mysogreem,"Даурская улица, 12а к1",,0,,"Кровельные работы, Тёплые полы, Электронагревательное оборудование, Монтаж климатических систем"
A,🟢 нет,Ростовская область,Азов,торговля?,Кровля Центр,ООО Кровля Центр,+79281049854,+79281049854,https://wa.me/79281049854,+7‒928‒104‒98‒54 / +7 (863) 229‒84‒83,,,"Литейный проезд, 3а",,0,,"Кровельные работы, Кровельные материалы, Фасадные материалы и конструкции, Гидроизоляционные материалы, Теплоизоляционные материалы"
A,🟢 нет,Самарская область,Самара,торговля?,Торговая компания обогрева кабельных систем,,+79277253885,+79277253885,https://wa.me/79277253885,+7‒927‒725‒38‒85,,,,,0,11,"Кровельные работы, Тёплые полы"
A,🟢 нет,Ставропольский край,Михайловск,торговля?,Гарант Металл,,+79624392944,+79624392944,https://wa.me/79624392944,+7‒962‒439‒29‒44 / +7‒962‒007‒85‒75,,,"улица Гагарина, 288/1",2.6,16,10,"Кровельные работы, Кровельные материалы, Гидроизоляционные материалы, Системы водоотведения, Теплоизоляционные материалы"
A,🟢 нет,Ставропольский край,Ставрополь,торговля?,Компания по производству и продаже кровельных материалов,,+79286531868,+79614982474,https://wa.me/79286531868,+7‒961‒498‒24‒74,,,"проспект Кулакова, 79",5,1,,"Кровельные работы, Кровельные материалы, Заборы и ограждения, Теплоизоляционные материалы, Фасадные материалы и конструкции"
A,🟢 нет,Ставропольский край,Ставрополь,торговля?,Сим,,+79187470054,+79187470054,https://wa.me/79187470054,+7‒918‒747‒00‒54 / +7‒905‒467‒18‒82,,https://t.me/+79187470054,"Прикумский переулок, 5",,0,,"Кровельные работы, Сварочные работы, Фасадные материалы и конструкции, Заборы и ограждения, Кровельные материалы"
A,🟢 нет,Ставропольский край,Ставрополь,торговля?,Надёжная Кровля,,+79289369828,+79197335457,https://wa.me/79289369828,+7‒919‒733‒54‒57 / +7‒928‒936‒98‒28,,,"3-я Промышленная улица, 3",,0,,"Кровельные работы, Кровельные материалы"
A,🟢 нет,Ставропольский край,Ставрополь,торговля?,Ермак,ООО Ермак,+79188663799,+79188663799,https://wa.me/79188663799,+7‒918‒866‒37‒99,,https://t.me/+79188663799,"улица Коломийцева, 13",,0,,"Кровельные работы, Фасадные материалы и конструкции, Фасадные работы, Кровельные материалы"
A,🟢 нет,Волгоградская область,Николаевск,торговля?,Оптовая база,,,+79377181565,https://wa.me/79377181565,+7‒937‒718‒15‒65,,,"улица Сивко, 170",5,1,5,"Кровельные работы, Стройматериалы, Теплоизоляционные материалы, Сухие строительные смеси"
A,🟢 нет,Волгоградская область,Волгоград,торговля?,Кронал,,,+79377344571,https://wa.me/79377344571,+7‒937‒734‒45‒71,,,"проспект им. В.И. Ленина, 90Б",,0,,"Кровельные работы, Кровельные материалы, Гидроизоляционные материалы, Гидроизоляционные работы"
A,🟢 нет,Воронежская область,Россошь,торговля?,Металлопрофиль,,,+79507569166,https://wa.me/79507569166,+7 (47396) 4‒60‒45 / +7‒950‒756‒91‒66,,,"улица 50 Лет СССР, 78а",,0,,"Кровельные работы, Заборы и ограждения, Кровельные материалы"
A,🟢 нет,Воронежская область,Россошь,торговля?,Саврос,,,+79204033377,https://wa.me/79204033377,+7‒920‒403‒33‒77,,,"Октябрьская площадь, 16в",,0,,"Кровельные работы, Кровельные материалы"
A,🟢 нет,Воронежская область,Россошь,торговля?,Производственная компания,,,+79102493739,https://wa.me/79102493739,+7‒910‒249‒37‒39,,,"Пролетарская улица, 101а",,0,,"Кровельные работы, Быстровозводимые здания, Строительство бань и саун, Фасадные материалы и конструкции, Ремонт помещений"
A,🟢 нет,Нижегородская область,Нижний Новгород,торговля?,Теплый кров,ООО Теплый кров,,+79108808884,https://wa.me/79108808884,+7‒910‒880‒88‒84 / +7‒903‒601‒11‒89,,https://t.me/+79036011189,"улица Геологов, 1Б",,0,,"Кровельные работы, Металлоконструкции для строительства, Огнезащитная обработка"
A,🟢 нет,Нижегородская область,рп. Ардатов,торговля?,Окна&Двери,,,+79047820158,https://wa.me/79047820158,+7‒904‒782‒01‒58,,,"улица Пушкина, 22",,0,3,"Кровельные работы, Стройматериалы, Входные двери, Гипсокартон, Окна, Фасадные материалы и конструкции, Остекление и отделка балконов"
A,🟢 нет,Республика Татарстан,Казань,торговля?,Руф Глобал Групп,ООО Руф Глобал Групп,,+79168799059,https://wa.me/79168799059,+7‒916‒879‒90‒59,,,"улица Седова, 2в",,0,3,"Кровельные работы, Гидроизоляционные работы"
A,🟢 нет,Ростовская область,Ростов-на-Дону,торговля?,Первая Кровельная Компания,,,+79081789000,https://wa.me/79081789000,+7‒908‒178‒90‒00,,,"Бодрая улица, 8",,0,,"Кровельные работы, Стройматериалы, Фасадные работы, Кровельные материалы, Фасадные материалы и конструкции, Оргстекло и поликарбонат, Заборы и ограждения"
A,🟢 нет,Ростовская область,Миллерово,торговля?,Кровля Плюс,,,+79185050533,https://wa.me/79185050533,+7‒918‒505‒05‒33,,,"Донецкая улица, 2в",,0,,"Кровельные работы, Фасадные материалы и конструкции, Кровельные материалы"
A,🟢 нет,Ростовская область,Миллерово,торговля?,Первая кровельная компания,,,+79885617561,https://wa.me/79885617561,+7‒988‒561‒75‒61,,,"улица 3 Интернационала, 61",,0,,"Кровельные работы, Кровельные материалы, Заборы и ограждения, Фасадные материалы и конструкции"
A,🟢 нет,Ставропольский край,Изобильный,торговля?,Дом Крыша,,,+79054411338,https://wa.me/79054411338,+7‒905‒441‒13‒38,,,"Шоссейный переулок, 17",,0,,"Кровельные работы, Фасадные материалы и конструкции, Кровельные материалы"
A,🟢 нет,Ставропольский край,с. Красногвардейское,торговля?,Гарант Металл,,,+79624465494,https://wa.me/79624465494,+7‒962‒446‒54‒94 / +7‒962‒445‒03‒80,,,"Южный переулок, 13",,0,7,"Кровельные работы, Кровельные материалы"
B,есть,Волгоградская область,Волжский,торговля?,КронТех,,+79889643033,+79275225299,https://wa.me/79889643033,8‒800‒444‒30‒43 / +7 (8443) 25‒78‒31 / +7‒927‒522‒52‒99 / +7‒988‒964‒30‒33,kronteh.ru,,"1-й Индустриальный проезд, 18",5,5,,"Кровельные работы, Стройматериалы, Кровельные материалы, Фасадные материалы и конструкции, Окна, Отделочные материалы, Теплоизоляционные материалы, Крепёж, Сухие строительные смеси, Гидроизоляционные материалы, Системы водоотведения, Лаки и краски"
B,есть,Волгоградская область,Волгоград,торговля?,Высотаремстрой,ООО Высотаремстрой,+79173389342,+79023821767,https://wa.me/79173389342,+7‒902‒382‒17‒67 / +7 (8442) 97‒61‒97 / +7 (8442) 93‒21‒23,vysota-rs.ru,https://t.me/+79173389342,"Елецкая улица, 108",4.1,4,,"Кровельные работы, Стройматериалы, Кровельные материалы, Теплоизоляционные материалы, Гидроизоляционные материалы, Герметики и клеи, Сухие строительные смеси, Фасадные материалы и конструкции, Системы водоотведения, Стеновые панели, Фасадные работы, Заборы и ограждения"
B,есть,Волгоградская область,Волжский,торговля?,Торговая Компания Вальма,ООО Торговая Компания Вальма,+79053949790,+79053949790,https://wa.me/79053949790,+7‒905‒394‒97‒90 / +7 (8443) 45‒93‒09,valma-tc.ru,https://t.me/+79053949790,"Складской переулок, 2 к1",5,1,8,"Кровельные работы, Стройматериалы, Кровельные материалы, Фасадные материалы и конструкции, Отделочные материалы, Заборы и ограждения, Системы водоотведения, Теплоизоляционные материалы, Гидроизоляционные материалы, Декоративные отделочные материалы"
B,есть,Волгоградская область,Волгоград,торговля?,Билдж,,+79610587303,+79610587303,https://wa.me/79610587303,+7 (8442) 50‒50‒44 / +7‒961‒058‒73‒03,bildj-v.ru,,"улица 25-летия Октября, 1 ст18",,0,,"Кровельные работы, Кровельные материалы, Отделочные материалы, Окна, Фасадные материалы и конструкции, Заборы и ограждения, Фасадные работы, Крепёж, Системы водоотведения, Теплицы, Теплоизоляционные материалы, Садово-парковая мебель, Оргстекло и поликарбонат"
B,есть,Воронежская область,Воронеж,торговля?,Rks klinker,,+79003088636,,https://wa.me/79003088636,8‒800‒301‒77‒37,воронеж.реконстрой.рф/,https://t.me/rks_klinker_store,"проспект Труда, 72",3.6,13,,"Кровельные работы, Стройматериалы, Кирпич, Керамическая плитка, Тротуарная плитка, Кровельные материалы, Облицовочный камень, Фасадные материалы и конструкции, Строительные блоки, Заборы и ограждения, Керамогранит, Пило- и лесоматериалы, Системы водоотведения, Сухие строительные смеси, Теплоизоляционные материалы"
B,есть,Воронежская область,Воронеж,торговля?,Айко,,+79009529286,+79009529286,https://wa.me/79009529286,+7‒900‒952‒92‒86 / +7 (473) 291‒38‒67,www.aiko36.ru,https://t.me/aiko36,"Холмистая улица, 70",4.8,6,10,"Кровельные работы, Кровельные материалы, Фасадные материалы и конструкции, Локальные очистные сооружения, Фасадные работы"
B,есть,Воронежская область,Воронеж,торговля?,Кровля-вк,ООО Кровля-вк,+79202142463,,https://wa.me/79202142463,+7 (473) 233‒04‒72 / +7 (473) 267‒53‒45 / +7 (473) 233‒44‒72,karton-ruberoid.ru,,"улица Антонова-Овсеенко, 7и/2",5,2,,"Кровельные работы, Кровельные материалы"
B,есть,Воронежская область,Воронеж,торговля?,ТехноКровля,,+79038588333,+79038588333,https://wa.me/79038588333,+7‒903‒858‒83‒33 / +7 (473) 228‒83‒33,roof36.ru/,https://t.me/+79038588333,"Ленинский проспект, 156Б",5,1,,"Кровельные работы, Кровельные материалы, Заборы и ограждения, Фасадные материалы и конструкции"
B,есть,Воронежская область,Воронеж,торговля?,Ск стройинвест,ООО Ск стройинвест,+79527538630,+79527538630,https://wa.me/79527538630,+7 (473) 222‒55‒30 / +7 (473) 291‒27‒51 / +7‒952‒753‒86‒30,36stroy.ru,,"бульвар Победы, 50Б",5,1,,"Кровельные работы, Кровельные материалы, Промышленное строительство, Строительство административных зданий"
B,есть,Воронежская область,Воронеж,торговля?,Академия,ООО Академия,+79204252387,+79204252387,https://wa.me/79204252387,+7‒920‒425‒23‒87,vegliviy-alpinist.ru,,"улица Богачёва, 3Б",5,1,9,"Кровельные работы, Антикоррозийная обработка металла, Высотные работы, Фасадные работы, Монтаж климатических систем"
B,есть,Краснодарский край,Сочи,торговля?,Мастерпласт,ООО Мастерпласт,+79202539337,+79202539337,https://wa.me/79202539337,+7‒920‒253‒93‒37 / +7‒920‒073‒43‒37,masterplast.pro,,,,0,4,"Кровельные работы, Гидроизоляционные материалы, Теплоизоляционные материалы, Устройство промышленных и наливных полов, Кровельные материалы"
B,есть,Нижегородская область,Нижний Новгород,торговля?,Мастерпласт,ООО Мастерпласт,+79200734337,+79200734337,https://wa.me/79200734337,+7‒920‒073‒43‒37 / +7‒920‒253‒93‒37,masterplast.pro,https://t.me/+79202539337,"улица Шапошникова, 15",5,26,7,"Кровельные работы, Гидроизоляционные материалы, Теплоизоляционные материалы, Устройство промышленных и наливных полов, Кровельные материалы"
B,есть,Нижегородская область,Нижний Новгород,торговля?,Аксдом,ООО Аксдом,+79307111188,,https://wa.me/79307111188,+7 (831) 266‒04‒84,aksdom.ru,,"СТ Нефтяник, 35",4.4,7,,"Кровельные работы, Кровельные материалы, Строительство дач и коттеджей, Фасадные материалы и конструкции, Заборы и ограждения"
B,есть,Нижегородская область,Нижний Новгород,торговля?,Алми-Кров,,+79524513768,+79108843975,https://wa.me/79524513768,+7‒910‒884‒39‒75 / +7‒952‒451‒37‒68 / +7 (831) 466‒15‒32 / +7 (831) 424‒10‒05,almi-krov.ru,https://t.me/mikhailsutugin,"Кащенко, 6",5,6,,"Кровельные работы, Стройматериалы, Кровельные материалы, Фасадные материалы и конструкции, Заборы и ограждения, Фасадные работы, Теплоизоляционные материалы, Гидроизоляционные материалы"
B,есть,Нижегородская область,Нижний Новгород,торговля?,Глобус,ООО Глобус,+79302839991,,https://wa.me/79302839991,+7 (8312) 34‒01‒28,globus-gk.ru,,"Советская улица, 3",5,2,12,"Кровельные работы, Стройматериалы, Кровельные материалы, Фасадные материалы и конструкции, Теплоизоляционные материалы, Заборы и ограждения, Гидроизоляционные материалы, ДСП, ДВП, фанера, Фасадные работы"
B,есть,Нижегородская область,Бор,торговля?,КровСистем,,+79527850404,+79527850404,https://wa.me/79527850404,+7‒952‒785‒04‒04 / +7‒930‒814‒04‒04,krovsystem-bor.ru,,"Стеклозаводское шоссе, 3",5,2,,"Кровельные работы, Кровельные материалы, Фасадные работы, Фасадные материалы и конструкции, Крепёж"
B,есть,Нижегородская область,Арзамас,торговля?,Теплоплюс,,+79990792499,+79990792499,https://wa.me/79990792499,+7 (83147) 9‒56‒00 / +7‒999‒079‒24‒99 / +7‒996‒010‒80‒09 / +7‒920‒001‒18‒78,teploplus52.ru,,"Октябрьская улица, 11",,2,14,"Кровельные работы, Фасадные материалы и конструкции, Кровельные материалы, Заборы и ограждения, Теплоизоляционные материалы"
B,есть,Нижегородская область,Нижний Новгород,торговля?,Лесной терем-НН,,+79519080648,+79519080648,https://wa.me/79519080648,+7 (831) 2‒305‒306 / +7 (831) 415‒97‒98 / +7‒951‒908‒06‒48 / +7‒951‒909‒78‒40 / +7‒910‒790‒09‒04,www.lesterem.ru,https://t.me/+79107900904,"Алексеевская улица, 6/16",5,1,,"Кровельные работы, Строительство дач и коттеджей, Архитектурное проектирование, Строительство бань и саун"
B,есть,Республика Татарстан,Казань,торговля?,Вента,ООО Вента,+79677722403,,https://wa.me/79677722403,+7 (843) 210‒45‒74,ventasteel.ru,https://t.me/venta_kzn,"Магистральная улица, 98",5,15,,"Кровельные работы, Фасадные материалы и конструкции, Кровельные материалы, Сэндвич-панели, Заборы и ограждения"
B,есть,Республика Татарстан,Казань,торговля?,Стройсталь,ООО Стройсталь,+79376153243,+79376153243,https://wa.me/79376153243,+7‒937‒615‒32‒43 / +7 (843) 245‒32‒43 / +7‒917‒859‒41‒23,www.stroistal116.ru,https://t.me/stroistal116,"улица Мазита Гафури, 50 к2",4.6,10,,"Кровельные работы, Фасадные материалы и конструкции, Заборы и ограждения, Кровельные материалы, Чёрный металлопрокат"
B,есть,Республика Татарстан,Казань,торговля?,Тк троя,ООО Тк троя,+79178814122,+79393076234,https://wa.me/79178814122,+7‒939‒307‒62‒34 / +7‒927‒427‒22‒01 / +7‒917‒225‒02‒70,troya-tk.ru,,"Техническая улица, 21д к2",5,8,4,"Кровельные работы, Стройматериалы, Отделочные материалы, Сухие строительные смеси, Цемент, Гипсокартон, Герметики и клеи, Гидроизоляционные материалы, Керамогранит, Лаки и краски, Декоративные отделочные материалы, Теплоизоляционные материалы, Звукоизоляционные материалы, Керамическая плитка, Крепёж, Перегородки, Строительные блоки, Фасадные материалы и конструкции, Подвесные потолки, Кровельные материалы, Облицовочный камень, Огнеупорные материалы, Огнезащитные материалы, Теплоизоляционные работы, Звукоизоляционные работы, Гидроизоляционные работы, Устройство промышленных и наливных полов, Стеновые панели"
B,есть,Республика Татарстан,Казань,торговля?,Арт уют,,+79033133421,+79033133421,https://wa.me/79033133421,+7‒903‒313‒34‒21,art-uiut.ru,https://t.me/+79033133421,"улица Юлиуса Фучика, 90а",5,1,,"Кровельные работы, Гипсокартон, Фасадные материалы и конструкции, Кровельные материалы"
B,есть,Ростовская область,Ростов-на-Дону,торговля?,Магазин стройматериалов,,+79286001737,+79085136032,https://wa.me/79286001737,+7‒908‒513‒60‒32,stroymatrnd.ru/,https://t.me/+79085136032,"Белорусская улица, 211а",5,14,10,"Кровельные работы, Стройматериалы, Отделочные материалы, Малярный инструмент, Кровельные материалы, Теплоизоляционные материалы, Сухие строительные смеси, Гипсокартон, Песок и щебень, Цемент, Пило- и лесоматериалы, ДСП, ДВП, фанера, Крепёж, Металлы и сплавы, Гидроизоляционные материалы, Железобетонные изделия, Лаки и краски, Спецодежда, Канцтовары, Садовый инвентарь, Хозтовары, Металлообработка, Металлоизделия, Обои, Кирпич, Герметики и клеи, Пакеты и плёнки, Упаковочные материалы, Автоэмали, Нержавеющий металлопрокат, Керамогранит, Звукоизоляционные материалы, Асбестотехническая продукция, Изделия из стеклопластика, Напольные покрытия"
B,есть,Ростовская область,Ростов-на-Дону,торговля?,Дом Фасадов,,+79281321212,+79281321212,https://wa.me/79281321212,+7‒928‒132‒12‒12 / +7‒989‒532‒12‒12,dom-fasadov.ru,https://t.me/karamaz61rus,"улица Мадояна, 85",5,11,,"Кровельные работы, Фасадные материалы и конструкции, Кровельные материалы, Фасадные работы, Ремонт помещений"
B,есть,Ростовская область,Ростов-на-Дону,торговля?,Гранд Кровля,,+79282126226,+79282126226,https://wa.me/79282126226,+7‒928‒212‒62‒26 / 8‒800‒222‒63‒59,grandkrovlya.ru,,"улица Вавилова, 46а",5,5,,"Кровельные работы, Кровельные материалы, Фасадные материалы и конструкции, Фасадные работы, Заборы и ограждения"
B,есть,Ростовская область,Ростов-на-Дону,торговля?,Высотаремстрой,ООО Высотаремстрой,+79023821767,,https://wa.me/79023821767,+7 (863) 272‒72‒72,www.vysota-rs.ru,https://t.me/+79023821767,"улица Вавилова, 69",5,3,7,"Кровельные работы, Стройматериалы, Теплоизоляционные материалы, Кровельные материалы, Гидроизоляционные материалы, Герметики и клеи, Сухие строительные смеси, Фасадные материалы и конструкции"
B,есть,Ростовская область,Ростов-на-Дону,торговля?,Точка Кровли,,+79885329960,+79885329960,https://wa.me/79885329960,+7‒988‒532‒99‒60,tkrovli.ru/,,"Вятская улица, 93а",4,2,11,"Кровельные работы, Кровельные материалы"
B,есть,Ростовская область,х. Ленинаван,торговля?,ДиП кровля,,+79282797921,+79282797921,https://wa.me/79282797921,+7‒928‒279‒79‒21,2797921.ru,,"Мира, 12",,0,,"Кровельные работы, Кровельные материалы, Металлоизделия, Фасадные материалы и конструкции, Чердачные лестницы"
B,есть,Ростовская область,Ростов-на-Дону,торговля?,ДомСтрой,,+79282963312,+79282963312,https://wa.me/79282963312,+7 (863) 296‒33‒12 / +7‒928‒296‒33‒12,dom-stroy161.ru,https://t.me/+79282963312,"проспект 40-летия Победы, 336",,0,,"Кровельные работы, Стройматериалы, Кровельные материалы, Фасадные материалы и конструкции, Заборы и ограждения, Оргстекло и поликарбонат, Гидроизоляционные материалы, ДСП, ДВП, фанера, Теплоизоляционные материалы, Металлоконструкции для строительства, Огнезащитные материалы, Герметики и клеи, Чердачные лестницы, Системы водоотведения"
B,есть,Ростовская область,Ростов-на-Дону,торговля?,Кровля ЛД,,+79185562027,+79185562027,https://wa.me/79185562027,+7‒918‒556‒20‒27,krovlya-ld.ru,,"Фурмановская улица, 63",,0,,"Кровельные работы, Кровельные материалы, Фасадные материалы и конструкции, Теплоизоляционные материалы, Окна"
B,есть,Ростовская область,Ростов-на-Дону,торговля?,Стройтехмонтаж,ООО Стройтехмонтаж,+79282969397,+79282969397,https://wa.me/79282969397,+7‒928‒296‒93‒97,montajkrovli.ru,,"улица Вавилова, 46а",,0,,"Кровельные работы, Фасадные работы"
B,есть,Ростовская область,Ростов-на-Дону,торговля?,Профи Дом,,+79612952626,+79612952626,https://wa.me/79612952626,+7‒961‒295‒26‒26,www.profidom61.ru,,"Сальский переулок, 101",,0,,"Кровельные работы, Кровельные материалы, Ремонт зданий, Быстровозводимые здания, Сэндвич-панели"
B,есть,Самарская область,Самара,торговля?,Кронос,,+79277871530,+79276013822,https://wa.me/79277871530,+7 (846) 219‒28‒88 / +7‒927‒601‒38‒22 / +7‒919‒800‒10‒69,kronos-samara.ru,,"6-я просека, 143",4.9,27,,"Кровельные работы, Стройматериалы, Архитектурное проектирование, Быстровозводимые здания, Кирпич, Крепёж, Кровельные материалы, Пило- и лесоматериалы, Погонажные изделия, Системы водоотведения, Строительные блоки, Строительство дач и коттеджей, Теплоизоляционные материалы, Фасадные работы, Автоматические ворота и шлагбаумы, Рольставни, Фасадные материалы и конструкции, Заборы и ограждения"
B,есть,Самарская область,Самара,торговля?,Пантеон,ГК Пантеон,+79033013494,,https://wa.me/79033013494,+7 (846) 243‒40‒73 / +7 (846) 221‒84‒94,panteon63.ru,https://t.me/+OrSkOdBtjSNkMGQy,"Алма-Атинская улица, 29в",5,9,,"Кровельные работы, Стройматериалы, Кровельные материалы, Фасадные работы, Теплоизоляционные материалы, Гидроизоляционные материалы, Системы водоотведения, Фасадные материалы и конструкции"
B,есть,Самарская область,Самара,торговля?,Абв-Созидание,,+79053046989,+79053046989,https://wa.me/79053046989,+7‒905‒304‒69‒89 / +7 (846) 254‒04‒94,abv-sozidanie.ru,,"Чернореченская улица, 42а",5,4,7,"Кровельные работы, Стройматериалы, Строительство административных зданий, Ремонт зданий, Фасадные материалы и конструкции, Сухие строительные смеси, Теплоизоляционные материалы, Кровельные материалы, Сэндвич-панели, Чёрный металлопрокат, Заборы и ограждения, Крепёж, Гидроизоляционные материалы, Лаки и краски, Металлоконструкции для строительства, Песок и щебень, Пило- и лесоматериалы, Строительные блоки"
B,есть,Ставропольский край,Ставрополь,торговля?,Все для кровли и фасада,ООО Все для кровли и фасада,+79624417565,+79624417565,https://wa.me/79624417565,+7‒962‒441‒75‒65 / +7‒988‒739‒51‒44 / +7‒918‒867‒99‒24,www.stav-krisha.ru,,"переулок Буйнакского, 4/1",4.5,15,,"Кровельные работы, Стройматериалы, Металлоизделия, Системы водоотведения, Фасадные работы, Кровельные материалы"
B,есть,Ставропольский край,Ставрополь,торговля?,ТехноКровля,,+79682665638,,https://wa.me/79682665638,+7 (8652) 66‒73‒43,www.t-krovlya.ru,,"Старомарьевское шоссе, 18/4",3.9,7,,"Кровельные работы, Кровельные материалы, Теплоизоляционные материалы, Подвесные потолки, Заборы и ограждения"
B,есть,Ставропольский край,Ставрополь,торговля?,КровляPro,,+79614650666,+79614650666,https://wa.me/79614650666,+7 (8652) 59‒81‒68 / +7‒961‒465‒06‒66,krovlyapro26.ru/,https://t.me/+79614650666,"1-й Юго-Западный проезд, 4 к1",5,4,,"Кровельные работы, Кровельные материалы, Строительство дач и коттеджей, Чёрный металлопрокат, Заборы и ограждения"
B,есть,Ставропольский край,Ставрополь,торговля?,МелКроф,,+79034426941,+79034426941,https://wa.me/79034426941,+7‒903‒442‒69‒41,Melkrof.ru,,"Старомарьевское шоссе, 6 к14",5,2,2,"Кровельные работы, Кровельные материалы, Теплоизоляционные материалы"
B,есть,Ставропольский край,Михайловск,торговля?,Магазин кровельных материалов,,+79054443536,+79097519099,https://wa.me/79054443536,+7 (86553) 6‒02‒62 / +7‒909‒751‒90‒99,krovlisk.ru,,"улица Войкова, 424/2",5,2,,"Кровельные работы, Кровельные материалы, Фасадные материалы и конструкции, Системы водоотведения, Теплоизоляционные материалы"
B,есть,Ставропольский край,Ставрополь,торговля?,ГидроPro,,+79624506088,+79624506088,https://wa.me/79624506088,+7‒962‒450‒60‒88 / +7 (8652) 60‒60‒88,gidropro26.ru,,"3-я Промышленная улица, 3",,0,,"Кровельные работы, Гидроизоляционные работы, Гидроизоляционные материалы, Ремонт зданий"
B,есть,Ставропольский край,Ставрополь,торговля?,"Компания по продаже кровельных материалов, фасадов и заборов",,+79188004424,+79188004424,https://wa.me/79188004424,+7‒918‒800‒44‒24 / +7‒918‒886‒10‒19,metallprofil26.ru,,"улица Коломийцева, 33а",,0,1,"Кровельные работы, Фасадные материалы и конструкции, Кровельные материалы, Заборы и ограждения, Теплоизоляционные материалы"
